title,url
Gradation (그라데이션),https://www.youtube.com/watch?v=fbmStVcCL8s&list=PLtmZj29rItKfvHjuY-ykhEiCC2EbBW2J1&index=1&pp=iAQB
한 페이지가 될 수 있게 Time of Our Life,https://www.youtube.com/watch?v=-9fC6oDFl5k&list=PLtmZj29rItKfvHjuY-ykhEiCC2EbBW2J1&index=2&pp=iAQB
Event Horizon (사건의 지평선),https://www.youtube.com/watch?v=j1uXcHwLhHM&list=PLtmZj29rItKfvHjuY-ykhEiCC2EbBW2J1&index=3&pp=iAQB
예뻤어 You Were Beautiful,https://www.youtube.com/watch?v=Mhyi9p7T7OM&list=PLtmZj29rItKfvHjuY-ykhEiCC2EbBW2J1&index=4&pp=iAQB
Rooftop (옥탑방 (Rooftop)),https://www.youtube.com/watch?v=49cyaEDTd5I&list=PLtmZj29rItKfvHjuY-ykhEiCC2EbBW2J1&index=5&pp=iAQB
To You My Light (feat. LEE RAON),https://www.youtube.com/watch?v=gF-MfOdo7L8&list=PLtmZj29rItKfvHjuY-ykhEiCC2EbBW2J1&index=6&pp=iAQB
SMILEY (Feat. BIBI),https://www.youtube.com/watch?v=2KSWVz2tDEI&list=PLtmZj29rItKfvHjuY-ykhEiCC2EbBW2J1&index=7&pp=iAQB
RE : WIND,https://www.youtube.com/watch?v=ZuttYdmPfzU&list=PLtmZj29rItKfvHjuY-ykhEiCC2EbBW2J1&index=8&pp=iAQB
I hate trot (나는 트로트가 싫어요),https://www.youtube.com/watch?v=V4Tdtu2qfrw&list=PLtmZj29rItKfvHjuY-ykhEiCC2EbBW2J1&index=9&pp=iAQB0gcJCY0JAYcqIYzv
Late Night (늦은 밤 너의 집 앞 골목길에서),https://www.youtube.com/watch?v=r-vcN6-uBmk&list=PLtmZj29rItKfvHjuY-ykhEiCC2EbBW2J1&index=10&pp=iAQB
나의 사춘기에게,https://www.youtube.com/watch?v=0tkgGcnRNTE&list=PLtmZj29rItKfvHjuY-ykhEiCC2EbBW2J1&index=11&pp=iAQB
LOVE SCENARIO (사랑을 했다),https://www.youtube.com/watch?v=OmEPFmyKO74&list=PLtmZj29rItKfvHjuY-ykhEiCC2EbBW2J1&index=12&pp=iAQB
YESTERDAY,https://www.youtube.com/watch?v=Fplzpki9Fgw&list=PLtmZj29rItKfvHjuY-ykhEiCC2EbBW2J1&index=13&pp=iAQB
Hype Boy,https://www.youtube.com/watch?v=ghrlZIMDzbM&list=PLtmZj29rItKfvHjuY-ykhEiCC2EbBW2J1&index=14&pp=iAQB
I Don’t Think That I Like Her,https://www.youtube.com/watch?v=R12op-QMC0E&list=PLtmZj29rItKfvHjuY-ykhEiCC2EbBW2J1&index=15&pp=iAQB
TOMBOY,https://www.youtube.com/watch?v=zC8RrOA0spo&list=PLtmZj29rItKfvHjuY-ykhEiCC2EbBW2J1&index=16&pp=iAQB
Oort Cloud (오르트구름),https://www.youtube.com/watch?v=58IEh6YkuzQ&list=PLtmZj29rItKfvHjuY-ykhEiCC2EbBW2J1&index=17&pp=iAQB
Johnny (Feat. Dynamicduo),https://www.youtube.com/watch?v=VX7w5fwdMkI&list=PLtmZj29rItKfvHjuY-ykhEiCC2EbBW2J1&index=18&pp=iAQB
eight (Prod. & Feat. SUGA of BTS) (에잇(Prod. & Feat. SUGA of BTS)),https://www.youtube.com/watch?v=5_IYVichXbA&list=PLtmZj29rItKfvHjuY-ykhEiCC2EbBW2J1&index=19&pp=iAQB
싸운날,https://www.youtube.com/watch?v=BqbU8b29T9w&list=PLtmZj29rItKfvHjuY-ykhEiCC2EbBW2J1&index=20&pp=iAQB
Beautiful Moment (내 생에 아름다운),https://www.youtube.com/watch?v=N4RAUQAQC5k&list=PLtmZj29rItKfvHjuY-ykhEiCC2EbBW2J1&index=21&pp=iAQB
Ditto,https://www.youtube.com/watch?v=-g9I2neQR7w&list=PLtmZj29rItKfvHjuY-ykhEiCC2EbBW2J1&index=22&pp=iAQB
Nxde,https://www.youtube.com/watch?v=RdU3F5vN3_s&list=PLtmZj29rItKfvHjuY-ykhEiCC2EbBW2J1&index=23&pp=iAQB
LOVE DIVE (LOVE DIVE),https://www.youtube.com/watch?v=hh5GKVa8VtM&list=PLtmZj29rItKfvHjuY-ykhEiCC2EbBW2J1&index=24&pp=iAQB0gcJCY0JAYcqIYzv
Love story,https://www.youtube.com/watch?v=WelKAFjKnDE&list=PLtmZj29rItKfvHjuY-ykhEiCC2EbBW2J1&index=25&pp=iAQB
Love Love Love (Feat. 융진 of Casker),https://www.youtube.com/watch?v=JwC6KUpBAAU&list=PLtmZj29rItKfvHjuY-ykhEiCC2EbBW2J1&index=26&pp=iAQB
FEARLESS,https://www.youtube.com/watch?v=Wk3Vxt3knnI&list=PLtmZj29rItKfvHjuY-ykhEiCC2EbBW2J1&index=27&pp=iAQB
안녕 Hello,https://www.youtube.com/watch?v=ZzbNM2l-AAA&list=PLtmZj29rItKfvHjuY-ykhEiCC2EbBW2J1&index=28&pp=iAQB
ASAP (ASAP),https://www.youtube.com/watch?v=aHR8zak8Xsc&list=PLtmZj29rItKfvHjuY-ykhEiCC2EbBW2J1&index=29&pp=iAQB0gcJCY0JAYcqIYzv
POP!,https://www.youtube.com/watch?v=R9TPed_ohKM&list=PLtmZj29rItKfvHjuY-ykhEiCC2EbBW2J1&index=30&pp=iAQB
ELEVEN (ELEVEN),https://www.youtube.com/watch?v=0EK_M2taRIM&list=PLtmZj29rItKfvHjuY-ykhEiCC2EbBW2J1&index=31&pp=iAQB0gcJCY0JAYcqIYzv
Attention,https://www.youtube.com/watch?v=kdOS94IjzzE&list=PLtmZj29rItKfvHjuY-ykhEiCC2EbBW2J1&index=32&pp=iAQB
TOMBOY,https://www.youtube.com/watch?v=aFoqCI75WoY&list=PLtmZj29rItKfvHjuY-ykhEiCC2EbBW2J1&index=33&pp=iAQB
러시안 룰렛 Russian Roulette,https://www.youtube.com/watch?v=GlY7aMCm_Og&list=PLtmZj29rItKfvHjuY-ykhEiCC2EbBW2J1&index=34&pp=iAQB
After LIKE (After LIKE),https://www.youtube.com/watch?v=xqnWLDkjjwc&list=PLtmZj29rItKfvHjuY-ykhEiCC2EbBW2J1&index=35&pp=iAQB
Blueming (Blueming),https://www.youtube.com/watch?v=I0_ZXHzKysc&list=PLtmZj29rItKfvHjuY-ykhEiCC2EbBW2J1&index=36&pp=iAQB
I'm Not The Only One,https://www.youtube.com/watch?v=67ibXO8viXE&list=PLtmZj29rItKfvHjuY-ykhEiCC2EbBW2J1&index=37&pp=iAQB
Lucky Strike,https://www.youtube.com/watch?v=Mxo85XLy6P0&list=PLtmZj29rItKfvHjuY-ykhEiCC2EbBW2J1&index=38&pp=iAQB
Tiny Riot,https://www.youtube.com/watch?v=UyebyTbqFMY&list=PLtmZj29rItKfvHjuY-ykhEiCC2EbBW2J1&index=39&pp=iAQB
No One Else Like You,https://www.youtube.com/watch?v=xYWZfCjK8wE&list=PLtmZj29rItKfvHjuY-ykhEiCC2EbBW2J1&index=40&pp=iAQB
Permission to Dance,https://www.youtube.com/watch?v=LCpjdohpuEE&list=PLtmZj29rItKfvHjuY-ykhEiCC2EbBW2J1&index=41&pp=iAQB
Just the Way You Are,https://www.youtube.com/watch?v=wGUKBXpfU1o&list=PLtmZj29rItKfvHjuY-ykhEiCC2EbBW2J1&index=42&pp=iAQB
GLASSY,https://www.youtube.com/watch?v=PEIvcxSO9zQ&list=PLtmZj29rItKfvHjuY-ykhEiCC2EbBW2J1&index=43&pp=iAQB
Maybe,https://www.youtube.com/watch?v=q0ZEMR7pC18&list=PLtmZj29rItKfvHjuY-ykhEiCC2EbBW2J1&index=44&pp=iAQB
1cm (1CM),https://www.youtube.com/watch?v=eJFBHyX1GPk&list=PLtmZj29rItKfvHjuY-ykhEiCC2EbBW2J1&index=45&pp=iAQB
MOVIE (MOVIE),https://www.youtube.com/watch?v=WBmW288UuBM&list=PLtmZj29rItKfvHjuY-ykhEiCC2EbBW2J1&index=46&pp=iAQB0gcJCY0JAYcqIYzv
Basket Case,https://www.youtube.com/watch?v=gS86jipcKzw&list=PLtmZj29rItKfvHjuY-ykhEiCC2EbBW2J1&index=47&pp=iAQB
American Idiot,https://www.youtube.com/watch?v=VyV54YwPAkk&list=PLtmZj29rItKfvHjuY-ykhEiCC2EbBW2J1&index=48&pp=iAQB
Take My Hand,https://www.youtube.com/watch?v=ztBcsIRYhdQ&list=PLtmZj29rItKfvHjuY-ykhEiCC2EbBW2J1&index=49&pp=iAQB
The Great Escape,https://www.youtube.com/watch?v=VIKYDJtG0xY&list=PLtmZj29rItKfvHjuY-ykhEiCC2EbBW2J1&index=50&pp=iAQB
Dear Maria Count Me In,https://www.youtube.com/watch?v=Sz993e2uCTg&list=PLtmZj29rItKfvHjuY-ykhEiCC2EbBW2J1&index=51&pp=iAQB
The Kids Aren't Alright,https://www.youtube.com/watch?v=-uQi0vJK9lk&list=PLtmZj29rItKfvHjuY-ykhEiCC2EbBW2J1&index=52&pp=iAQB
Misery Business,https://www.youtube.com/watch?v=1VPotzhpAGE&list=PLtmZj29rItKfvHjuY-ykhEiCC2EbBW2J1&index=53&pp=iAQB
Welcome to the Black Parade,https://www.youtube.com/watch?v=v_uncMEJkBc&list=PLtmZj29rItKfvHjuY-ykhEiCC2EbBW2J1&index=54&pp=iAQB
I Don't Love You,https://www.youtube.com/watch?v=pqfZYvsTkkk&list=PLtmZj29rItKfvHjuY-ykhEiCC2EbBW2J1&index=55&pp=iAQB
폰서트,https://www.youtube.com/watch?v=txi3VEdStJ4&list=PLtmZj29rItKfvHjuY-ykhEiCC2EbBW2J1&index=56&pp=iAQB
Butter-Fly,https://www.youtube.com/watch?v=c-2T-JnXEr8&list=PLtmZj29rItKfvHjuY-ykhEiCC2EbBW2J1&index=57&pp=iAQB
여행,https://www.youtube.com/watch?v=DMcRIihAq9Q&list=PLtmZj29rItKfvHjuY-ykhEiCC2EbBW2J1&index=58&pp=iAQB
It's Beginning To Look A Lot Like Christmas - Cover by 이세계아이돌 (isegye idol),https://www.youtube.com/watch?v=kNPykP_9wOQ&list=PLtmZj29rItKfvHjuY-ykhEiCC2EbBW2J1&index=59&pp=iAQB
At That Moment (그때 그 순간 그대로 (그그그)),https://www.youtube.com/watch?v=Nx3h23xCsbA&list=PLtmZj29rItKfvHjuY-ykhEiCC2EbBW2J1&index=60&pp=iAQB
Dear my X (나의 X에게),https://www.youtube.com/watch?v=VY_BU1Ja_TM&list=PLtmZj29rItKfvHjuY-ykhEiCC2EbBW2J1&index=61&pp=iAQB0gcJCY0JAYcqIYzv
If you lovingly call my name (다정히 내 이름을 부르면),https://www.youtube.com/watch?v=z127C11tKsg&list=PLtmZj29rItKfvHjuY-ykhEiCC2EbBW2J1&index=62&pp=iAQB
I Missed You (보고싶었어),https://www.youtube.com/watch?v=2fNO3wfYajs&list=PLtmZj29rItKfvHjuY-ykhEiCC2EbBW2J1&index=63&pp=iAQB
Love Rain (사랑비),https://www.youtube.com/watch?v=LF2zAz2_ICA&list=PLtmZj29rItKfvHjuY-ykhEiCC2EbBW2J1&index=64&pp=iAQB
One Love,https://www.youtube.com/watch?v=q0Bc1lmn5fA&list=PLtmZj29rItKfvHjuY-ykhEiCC2EbBW2J1&index=65&pp=iAQB
Amazing You (그대라는 사치),https://www.youtube.com/watch?v=LkE6CvVRsn0&list=PLtmZj29rItKfvHjuY-ykhEiCC2EbBW2J1&index=66&pp=iAQB
그래서 그대는 (그래서 그대는),https://www.youtube.com/watch?v=ok1782_PBaA&list=PLtmZj29rItKfvHjuY-ykhEiCC2EbBW2J1&index=67&pp=iAQB
Arachno - Bunny Boobz,https://www.youtube.com/watch?v=U0QK-4itlNM&list=PLtmZj29rItKfvHjuY-ykhEiCC2EbBW2J1&index=68&pp=iAQB
That's What You Get,https://www.youtube.com/watch?v=aVbdEnIolPo&list=PLtmZj29rItKfvHjuY-ykhEiCC2EbBW2J1&index=69&pp=iAQB
Still into You,https://www.youtube.com/watch?v=Fx9WjJsMQ-s&list=PLtmZj29rItKfvHjuY-ykhEiCC2EbBW2J1&index=70&pp=iAQB
Ignorance,https://www.youtube.com/watch?v=5Vy5tSWv93o&list=PLtmZj29rItKfvHjuY-ykhEiCC2EbBW2J1&index=71&pp=iAQB
The Only Exception,https://www.youtube.com/watch?v=ChXcD6Z4uvQ&list=PLtmZj29rItKfvHjuY-ykhEiCC2EbBW2J1&index=72&pp=iAQB
Playing God,https://www.youtube.com/watch?v=zVNKM_2zJIM&list=PLtmZj29rItKfvHjuY-ykhEiCC2EbBW2J1&index=73&pp=iAQB
Turn It Off,https://www.youtube.com/watch?v=MhKRfD4-j-E&list=PLtmZj29rItKfvHjuY-ykhEiCC2EbBW2J1&index=74&pp=iAQB
When It Rains,https://www.youtube.com/watch?v=6MuF-bAMgbk&list=PLtmZj29rItKfvHjuY-ykhEiCC2EbBW2J1&index=75&pp=iAQB
Pressure,https://www.youtube.com/watch?v=yfXCHkmrRo4&list=PLtmZj29rItKfvHjuY-ykhEiCC2EbBW2J1&index=76&pp=iAQB
All I Wanted,https://www.youtube.com/watch?v=GwiNZNJxTN8&list=PLtmZj29rItKfvHjuY-ykhEiCC2EbBW2J1&index=77&pp=iAQB
Brick by Boring Brick,https://www.youtube.com/watch?v=ZRJdVTXkdGI&list=PLtmZj29rItKfvHjuY-ykhEiCC2EbBW2J1&index=78&pp=iAQB
Let the Flames Begin,https://www.youtube.com/watch?v=WopgkUWG28k&list=PLtmZj29rItKfvHjuY-ykhEiCC2EbBW2J1&index=79&pp=iAQB
"For a Pessimist, I'm Pretty Optimistic",https://www.youtube.com/watch?v=3Y0i0thFnNQ&list=PLtmZj29rItKfvHjuY-ykhEiCC2EbBW2J1&index=80&pp=iAQB
Feeling Sorry,https://www.youtube.com/watch?v=75g3AcV7Dxs&list=PLtmZj29rItKfvHjuY-ykhEiCC2EbBW2J1&index=81&pp=iAQB
Careful,https://www.youtube.com/watch?v=EOCZUBWkLfQ&list=PLtmZj29rItKfvHjuY-ykhEiCC2EbBW2J1&index=82&pp=iAQB
Miracle,https://www.youtube.com/watch?v=oX8N5AaBnhk&list=PLtmZj29rItKfvHjuY-ykhEiCC2EbBW2J1&index=83&pp=iAQB
Hallelujah,https://www.youtube.com/watch?v=Te_XfT8CgvM&list=PLtmZj29rItKfvHjuY-ykhEiCC2EbBW2J1&index=84&pp=iAQB
Triptych,https://www.youtube.com/watch?v=DBQdUCYCkKs&list=PLtmZj29rItKfvHjuY-ykhEiCC2EbBW2J1&index=85&pp=iAQB
The Ghost of You,https://www.youtube.com/watch?v=D66_NiTJSTc&list=PLtmZj29rItKfvHjuY-ykhEiCC2EbBW2J1&index=86&pp=iAQB
Boulevard of Broken Dreams,https://www.youtube.com/watch?v=gYCTXzOTnXg&list=PLtmZj29rItKfvHjuY-ykhEiCC2EbBW2J1&index=87&pp=iAQB
Payphone,https://www.youtube.com/watch?v=smKgVuSB18k&list=PLtmZj29rItKfvHjuY-ykhEiCC2EbBW2J1&index=88&pp=iAQB
Holiday,https://www.youtube.com/watch?v=KIxU5caGD6c&list=PLtmZj29rItKfvHjuY-ykhEiCC2EbBW2J1&index=89&pp=iAQB
Anima,https://www.youtube.com/watch?v=FQs9cV0jycg&list=PLtmZj29rItKfvHjuY-ykhEiCC2EbBW2J1&index=90&pp=iAQB
Walking by the Sea,https://www.youtube.com/watch?v=CnET7ZNNV00&list=PLtmZj29rItKfvHjuY-ykhEiCC2EbBW2J1&index=91&pp=iAQB
Altale,https://www.youtube.com/watch?v=seaH2sPOVE0&list=PLtmZj29rItKfvHjuY-ykhEiCC2EbBW2J1&index=92&pp=iAQB
Angelic Sphere,https://www.youtube.com/watch?v=MOGOotIT408&list=PLtmZj29rItKfvHjuY-ykhEiCC2EbBW2J1&index=93&pp=iAQB
Sairai,https://www.youtube.com/watch?v=GEX8Cv2U3Ww&list=PLtmZj29rItKfvHjuY-ykhEiCC2EbBW2J1&index=94&pp=iAQB
[Deemo] Ice - Beyond the Stratus (full ver.),https://www.youtube.com/watch?v=Lu9hZ-WO_DM&list=PLtmZj29rItKfvHjuY-ykhEiCC2EbBW2J1&index=95&pp=iAQB
Deemo 2.0 - Alex Vourtsanis - Sunset,https://www.youtube.com/watch?v=8On2lQenMIQ&list=PLtmZj29rItKfvHjuY-ykhEiCC2EbBW2J1&index=96&pp=iAQB0gcJCY0JAYcqIYzv
Deemo - TQ - Revival,https://www.youtube.com/watch?v=zggN_VSP9-Q&list=PLtmZj29rItKfvHjuY-ykhEiCC2EbBW2J1&index=97&pp=iAQB
Deemo 2.3 - ginkiha - Nightfall,https://www.youtube.com/watch?v=DHO1yn4ppME&list=PLtmZj29rItKfvHjuY-ykhEiCC2EbBW2J1&index=98&pp=iAQB
CHECKLIST (고백연습),https://www.youtube.com/watch?v=OnhYn26OQ7Y&list=PLtmZj29rItKfvHjuY-ykhEiCC2EbBW2J1&index=99&pp=iAQB
Love from a real heart (사랑은 가슴이 시킨다 (CF - KTF 도시락)),https://www.youtube.com/watch?v=fuFJqIfnB5o&list=PLtmZj29rItKfvHjuY-ykhEiCC2EbBW2J1&index=100&pp=iAQB
몽환의 숲 (Feat. 이루마),https://www.youtube.com/watch?v=2uyHtg56yTY&list=PLtmZj29rItKfvHjuY-ykhEiCC2EbBW2J1&index=101&pp=iAQB8AUB
내사람 : Partner for Life,https://www.youtube.com/watch?v=G5hbOrbfSRY&list=PLtmZj29rItKfvHjuY-ykhEiCC2EbBW2J1&index=102&pp=iAQB8AUB
My Love,https://www.youtube.com/watch?v=-lcVA_rn-7s&list=PLtmZj29rItKfvHjuY-ykhEiCC2EbBW2J1&index=103&pp=iAQB8AUB
Sk8er Boi,https://www.youtube.com/watch?v=UYocLBXr7hQ&list=PLtmZj29rItKfvHjuY-ykhEiCC2EbBW2J1&index=104&pp=iAQB8AUB
Welcome to My Life,https://www.youtube.com/watch?v=SC5zbR2E3Vs&list=PLtmZj29rItKfvHjuY-ykhEiCC2EbBW2J1&index=105&pp=iAQB8AUB
연애소설 (Love Story) ft. IU,https://www.youtube.com/watch?v=daA1hQPMr_w&list=PLtmZj29rItKfvHjuY-ykhEiCC2EbBW2J1&index=106&pp=iAQB8AUB
Forever (영원),https://www.youtube.com/watch?v=qUc5PKCoipM&list=PLtmZj29rItKfvHjuY-ykhEiCC2EbBW2J1&index=107&pp=iAQB8AUB
OHAYO MY NIGHT,https://www.youtube.com/watch?v=9Unrl9Yi55s&list=PLtmZj29rItKfvHjuY-ykhEiCC2EbBW2J1&index=108&pp=iAQB8AUB
Foolish Love,https://www.youtube.com/watch?v=-UMAz1KMHuI&list=PLtmZj29rItKfvHjuY-ykhEiCC2EbBW2J1&index=109&pp=iAQB8AUB
Do you want to hear,https://www.youtube.com/watch?v=HeRY4DTUkiw&list=PLtmZj29rItKfvHjuY-ykhEiCC2EbBW2J1&index=110&pp=iAQB8AUB
Think About You,https://www.youtube.com/watch?v=-0T0Qb5RW7I&list=PLtmZj29rItKfvHjuY-ykhEiCC2EbBW2J1&index=111&pp=iAQB8AUB
Shiny Star (2020) (밤 하늘의 별을(2020)),https://www.youtube.com/watch?v=ZAHtwfJrJp0&list=PLtmZj29rItKfvHjuY-ykhEiCC2EbBW2J1&index=112&pp=iAQB8AUB
도망가자,https://www.youtube.com/watch?v=0q6DR6EiPPo&list=PLtmZj29rItKfvHjuY-ykhEiCC2EbBW2J1&index=113&pp=iAQB8AUB
"Love, Maybe (사랑인가 봐)",https://www.youtube.com/watch?v=0e7uplpFJdE&list=PLtmZj29rItKfvHjuY-ykhEiCC2EbBW2J1&index=114&pp=iAQB8AUB
Stardust (별의 조각),https://www.youtube.com/watch?v=194g0izPfdA&list=PLtmZj29rItKfvHjuY-ykhEiCC2EbBW2J1&index=115&pp=iAQB8AUB
처음부터 너와 나,https://www.youtube.com/watch?v=4_phMXGTgrM&list=PLtmZj29rItKfvHjuY-ykhEiCC2EbBW2J1&index=116&pp=iAQB8AUB0gcJCY0JAYcqIYzv
More Than Words (Feat.Joosiq) (사랑한다는 말로는 (Feat.주시크)),https://www.youtube.com/watch?v=olDtq64LNow&list=PLtmZj29rItKfvHjuY-ykhEiCC2EbBW2J1&index=117&pp=iAQB8AUB
사랑의 바보,https://www.youtube.com/watch?v=gAz5CB9UXI8&list=PLtmZj29rItKfvHjuY-ykhEiCC2EbBW2J1&index=118&pp=iAQB8AUB
I Can't Have You,https://www.youtube.com/watch?v=IhKJpRdfFVc&list=PLtmZj29rItKfvHjuY-ykhEiCC2EbBW2J1&index=119&pp=iAQB8AUB
Propose,https://www.youtube.com/watch?v=KdKucPl2lXA&list=PLtmZj29rItKfvHjuY-ykhEiCC2EbBW2J1&index=120&pp=iAQB8AUB
중독된 사랑,https://www.youtube.com/watch?v=Ap0Z4J5MmLA&list=PLtmZj29rItKfvHjuY-ykhEiCC2EbBW2J1&index=121&pp=iAQB8AUB
기억을 걷는 시간,https://www.youtube.com/watch?v=VZnfZ14fIig&list=PLtmZj29rItKfvHjuY-ykhEiCC2EbBW2J1&index=122&pp=iAQB8AUB
Dark Cloud (먹구름),https://www.youtube.com/watch?v=o6W9VLK77nY&list=PLtmZj29rItKfvHjuY-ykhEiCC2EbBW2J1&index=123&pp=iAQB8AUB
Charlie Puth - Light Switch [Official Music Video],https://www.youtube.com/watch?v=WFsAon_TWPQ&list=PLtmZj29rItKfvHjuY-ykhEiCC2EbBW2J1&index=124&pp=iAQB8AUB
Complexes,https://www.youtube.com/watch?v=jThdobrOS-A&list=PLtmZj29rItKfvHjuY-ykhEiCC2EbBW2J1&index=125&pp=iAQB8AUB0gcJCY0JAYcqIYzv
The Fire,https://www.youtube.com/watch?v=u263CA6f_58&list=PLtmZj29rItKfvHjuY-ykhEiCC2EbBW2J1&index=126&pp=iAQB8AUB
빨간 맛 Red Flavor,https://www.youtube.com/watch?v=BLavT7w4R9I&list=PLtmZj29rItKfvHjuY-ykhEiCC2EbBW2J1&index=127&pp=iAQB8AUB
썸 탈꺼야,https://www.youtube.com/watch?v=krpfUwaftPs&list=PLtmZj29rItKfvHjuY-ykhEiCC2EbBW2J1&index=128&pp=iAQB8AUB
Helena,https://www.youtube.com/watch?v=a_1tA0bpDQs&list=PLtmZj29rItKfvHjuY-ykhEiCC2EbBW2J1&index=129&pp=iAQB8AUB
ANTIFRAGILE,https://www.youtube.com/watch?v=SZiwpL62to8&list=PLtmZj29rItKfvHjuY-ykhEiCC2EbBW2J1&index=130&pp=iAQB8AUB0gcJCY0JAYcqIYzv
Wild Flower (야생화),https://www.youtube.com/watch?v=ZtcM3KhgF-s&list=PLtmZj29rItKfvHjuY-ykhEiCC2EbBW2J1&index=131&pp=iAQB8AUB
Your Love Is a Lie,https://www.youtube.com/watch?v=F5of9pJjnRM&list=PLtmZj29rItKfvHjuY-ykhEiCC2EbBW2J1&index=132&pp=iAQB8AUB
crushcrushcrush,https://www.youtube.com/watch?v=p1Gr_Bg2Eag&list=PLtmZj29rItKfvHjuY-ykhEiCC2EbBW2J1&index=133&pp=iAQB8AUB
That's Hilarious,https://www.youtube.com/watch?v=LPjyycIdihs&list=PLtmZj29rItKfvHjuY-ykhEiCC2EbBW2J1&index=134&pp=iAQB8AUB
Lost Stars,https://www.youtube.com/watch?v=UOf6uHwB3Tk&list=PLtmZj29rItKfvHjuY-ykhEiCC2EbBW2J1&index=135&pp=iAQB8AUB
I'm Not Okay (I Promise),https://www.youtube.com/watch?v=UgmY2sB71Hc&list=PLtmZj29rItKfvHjuY-ykhEiCC2EbBW2J1&index=136&pp=iAQB8AUB
Save Your Tears,https://www.youtube.com/watch?v=RmYCOm4ehKs&list=PLtmZj29rItKfvHjuY-ykhEiCC2EbBW2J1&index=137&pp=iAQB8AUB
STAY,https://www.youtube.com/watch?v=XfEMj-z3TtA&list=PLtmZj29rItKfvHjuY-ykhEiCC2EbBW2J1&index=138&pp=iAQB8AUB
HER,https://www.youtube.com/watch?v=g4pDuadNyzo&list=PLtmZj29rItKfvHjuY-ykhEiCC2EbBW2J1&index=139&pp=iAQB8AUB
Blinding Lights,https://www.youtube.com/watch?v=J7p4bzqLvCw&list=PLtmZj29rItKfvHjuY-ykhEiCC2EbBW2J1&index=140&pp=iAQB8AUB
Fences,https://www.youtube.com/watch?v=zyUMk-XiVsA&list=PLtmZj29rItKfvHjuY-ykhEiCC2EbBW2J1&index=141&pp=iAQB8AUB0gcJCY0JAYcqIYzv
Maniac,https://www.youtube.com/watch?v=ipkaSc30uXw&list=PLtmZj29rItKfvHjuY-ykhEiCC2EbBW2J1&index=142&pp=iAQB8AUB
응급실,https://www.youtube.com/watch?v=E-BvyQb7mWE&list=PLtmZj29rItKfvHjuY-ykhEiCC2EbBW2J1&index=143&pp=iAQB8AUB
빈차 (Home Is Far Away) ft. OH HYUK,https://www.youtube.com/watch?v=6U2h_iccLXE&list=PLtmZj29rItKfvHjuY-ykhEiCC2EbBW2J1&index=144&pp=iAQB8AUB
Where the Lines Overlap,https://www.youtube.com/watch?v=WJe9M-lwZOw&list=PLtmZj29rItKfvHjuY-ykhEiCC2EbBW2J1&index=145&pp=iAQB8AUB
Peaches,https://www.youtube.com/watch?v=5rnawnfK2sQ&list=PLtmZj29rItKfvHjuY-ykhEiCC2EbBW2J1&index=146&pp=iAQB8AUB
Savior,https://www.youtube.com/watch?v=vbMh38KGZMM&list=PLtmZj29rItKfvHjuY-ykhEiCC2EbBW2J1&index=147&pp=iAQB8AUB0gcJCY0JAYcqIYzv
Beyond Love (Feat. 10CM) (정이라고 하자 (Feat. 10CM)),https://www.youtube.com/watch?v=OlXr5YD-MWA&list=PLtmZj29rItKfvHjuY-ykhEiCC2EbBW2J1&index=148&pp=iAQB8AUB
Looking Up,https://www.youtube.com/watch?v=ZOA6ac1C2zk&list=PLtmZj29rItKfvHjuY-ykhEiCC2EbBW2J1&index=149&pp=iAQB8AUB
Come Home,https://www.youtube.com/watch?v=lsdldrCjMiw&list=PLtmZj29rItKfvHjuY-ykhEiCC2EbBW2J1&index=150&pp=iAQB8AUB
Sugar,https://www.youtube.com/watch?v=wSOc5jmvF-k&list=PLtmZj29rItKfvHjuY-ykhEiCC2EbBW2J1&index=151&pp=iAQB8AUB
Old Song (오래된 노래),https://www.youtube.com/watch?v=NFfPxExTyYA&list=PLtmZj29rItKfvHjuY-ykhEiCC2EbBW2J1&index=152&pp=iAQB8AUB
I'd Do Anything,https://www.youtube.com/watch?v=hOqpokCPO80&list=PLtmZj29rItKfvHjuY-ykhEiCC2EbBW2J1&index=153&pp=iAQB8AUB
Levitating,https://www.youtube.com/watch?v=OsfAnsMY21M&list=PLtmZj29rItKfvHjuY-ykhEiCC2EbBW2J1&index=154&pp=iAQB8AUB
This Love,https://www.youtube.com/watch?v=AqQuRw0S6b4&list=PLtmZj29rItKfvHjuY-ykhEiCC2EbBW2J1&index=155&pp=iAQB8AUB
Jackpot,https://www.youtube.com/watch?v=BtJdZjf6_nk&list=PLtmZj29rItKfvHjuY-ykhEiCC2EbBW2J1&index=156&pp=iAQB8AUB
Animals,https://www.youtube.com/watch?v=5DF9aRuiOZo&list=PLtmZj29rItKfvHjuY-ykhEiCC2EbBW2J1&index=157&pp=iAQB8AUB
Soju Hanjan,https://www.youtube.com/watch?v=Q6ChonO-4iM&list=PLtmZj29rItKfvHjuY-ykhEiCC2EbBW2J1&index=158&pp=iAQB8AUB
Thunder,https://www.youtube.com/watch?v=9ssQKlLxBdQ&list=PLtmZj29rItKfvHjuY-ykhEiCC2EbBW2J1&index=159&pp=iAQB8AUB
BBoom BBoom (뿜뿜),https://www.youtube.com/watch?v=NLkfJbvMDAA&list=PLtmZj29rItKfvHjuY-ykhEiCC2EbBW2J1&index=160&pp=iAQB8AUB
워커홀릭,https://www.youtube.com/watch?v=VDNtjtIMPL0&list=PLtmZj29rItKfvHjuY-ykhEiCC2EbBW2J1&index=161&pp=iAQB8AUB
삐딱하게 (Crooked),https://www.youtube.com/watch?v=ywoyAdPEyTg&list=PLtmZj29rItKfvHjuY-ykhEiCC2EbBW2J1&index=162&pp=iAQB8AUB
Born for This,https://www.youtube.com/watch?v=RZWZMTLYufc&list=PLtmZj29rItKfvHjuY-ykhEiCC2EbBW2J1&index=163&pp=iAQB8AUB
우산 (Feat. 윤하),https://www.youtube.com/watch?v=Wbb7fWQjz4c&list=PLtmZj29rItKfvHjuY-ykhEiCC2EbBW2J1&index=164&pp=iAQB8AUB
IVE 아이브 'After LIKE' MV,https://www.youtube.com/watch?v=F0B7HDiY-10&list=PLtmZj29rItKfvHjuY-ykhEiCC2EbBW2J1&index=165&pp=iAQB8AUB
In the End,https://www.youtube.com/watch?v=BLZWkjBXfN8&list=PLtmZj29rItKfvHjuY-ykhEiCC2EbBW2J1&index=166&pp=iAQB8AUB
뭐라할까!,https://www.youtube.com/watch?v=XVMQ10SDIas&list=PLtmZj29rItKfvHjuY-ykhEiCC2EbBW2J1&index=167&pp=iAQB8AUB
Ballerino,https://www.youtube.com/watch?v=d1sXqVAh2CY&list=PLtmZj29rItKfvHjuY-ykhEiCC2EbBW2J1&index=168&pp=iAQB8AUB
하루 (하루),https://www.youtube.com/watch?v=Wb7F0Sm4TNo&list=PLtmZj29rItKfvHjuY-ykhEiCC2EbBW2J1&index=169&pp=iAQB8AUB0gcJCY0JAYcqIYzv
"나만, 봄",https://www.youtube.com/watch?v=bWPxFjZ2GX0&list=PLtmZj29rItKfvHjuY-ykhEiCC2EbBW2J1&index=170&pp=iAQB8AUB
BBIBBI (삐삐),https://www.youtube.com/watch?v=BZqfL_2CzKg&list=PLtmZj29rItKfvHjuY-ykhEiCC2EbBW2J1&index=171&pp=iAQB8AUB
"You're Gonna Go Far, Kid",https://www.youtube.com/watch?v=weqK155M_4o&list=PLtmZj29rItKfvHjuY-ykhEiCC2EbBW2J1&index=172&pp=iAQB8AUB
Ghost Town,https://www.youtube.com/watch?v=L-91zw3w_UY&list=PLtmZj29rItKfvHjuY-ykhEiCC2EbBW2J1&index=173&pp=iAQB8AUB0gcJCY0JAYcqIYzv
Fly (Feat. Amin. J of Soulciety),https://www.youtube.com/watch?v=sHqLlyBlmQI&list=PLtmZj29rItKfvHjuY-ykhEiCC2EbBW2J1&index=174&pp=iAQB8AUB
Plz Don’t Be Sad (얼굴 찌푸리지 말아요),https://www.youtube.com/watch?v=OOWeRIg8zOM&list=PLtmZj29rItKfvHjuY-ykhEiCC2EbBW2J1&index=175&pp=iAQB8AUB
Numb,https://www.youtube.com/watch?v=5qZQEq_C3vc&list=PLtmZj29rItKfvHjuY-ykhEiCC2EbBW2J1&index=176&pp=iAQB8AUB
Nine Point Eight,https://www.youtube.com/watch?v=88lVaHY_GUU&list=PLtmZj29rItKfvHjuY-ykhEiCC2EbBW2J1&index=177&pp=iAQB8AUB
Beautiful Night (아름다운 밤이야),https://www.youtube.com/watch?v=_L-A3l-4XlA&list=PLtmZj29rItKfvHjuY-ykhEiCC2EbBW2J1&index=178&pp=iAQB8AUB0gcJCY0JAYcqIYzv
LIKEY,https://www.youtube.com/watch?v=5gZl0PYC2Ho&list=PLtmZj29rItKfvHjuY-ykhEiCC2EbBW2J1&index=179&pp=iAQB8AUB
좋다고 말해,https://www.youtube.com/watch?v=RRwLiAGZfc0&list=PLtmZj29rItKfvHjuY-ykhEiCC2EbBW2J1&index=180&pp=iAQB8AUB
에너제틱 Energetic,https://www.youtube.com/watch?v=-Oif1zcHV-4&list=PLtmZj29rItKfvHjuY-ykhEiCC2EbBW2J1&index=181&pp=iAQB8AUB
Palette (feat. G-DRAGON) (팔레트 (feat. G-DRAGON)),https://www.youtube.com/watch?v=2C1Jg04INb4&list=PLtmZj29rItKfvHjuY-ykhEiCC2EbBW2J1&index=182&pp=iAQB8AUB
Some (feat.Geeks Lil Boi) (썸 (FEAT.긱스 릴보이)),https://www.youtube.com/watch?v=sONklohp9Wo&list=PLtmZj29rItKfvHjuY-ykhEiCC2EbBW2J1&index=183&pp=iAQB8AUB
CHEER UP,https://www.youtube.com/watch?v=prWVZFgZ3Zc&list=PLtmZj29rItKfvHjuY-ykhEiCC2EbBW2J1&index=184&pp=iAQB8AUB
I Ain't Worried,https://www.youtube.com/watch?v=NF7oYY7Lhq4&list=PLtmZj29rItKfvHjuY-ykhEiCC2EbBW2J1&index=185&pp=iAQB8AUB
What is Love?,https://www.youtube.com/watch?v=w4nihuYVTW0&list=PLtmZj29rItKfvHjuY-ykhEiCC2EbBW2J1&index=186&pp=iAQB8AUB
라라라 메달,https://www.youtube.com/watch?v=eAoTw0xBtM0&list=PLtmZj29rItKfvHjuY-ykhEiCC2EbBW2J1&index=187&pp=iAQB8AUB
눈물샤워 (feat. .에일리),https://www.youtube.com/watch?v=7-YujWTeWVw&list=PLtmZj29rItKfvHjuY-ykhEiCC2EbBW2J1&index=188&pp=iAQB8AUB
Don't Start Now,https://www.youtube.com/watch?v=wd9_QCH8Eq4&list=PLtmZj29rItKfvHjuY-ykhEiCC2EbBW2J1&index=189&pp=iAQB8AUB
달라달라 DALLA DALLA,https://www.youtube.com/watch?v=miqQAzOXPBo&list=PLtmZj29rItKfvHjuY-ykhEiCC2EbBW2J1&index=190&pp=iAQB8AUB
심술,https://www.youtube.com/watch?v=o1MtOu0Z4Hg&list=PLtmZj29rItKfvHjuY-ykhEiCC2EbBW2J1&index=191&pp=iAQB8AUB
Heart Shaker,https://www.youtube.com/watch?v=cCSd_gSXuBA&list=PLtmZj29rItKfvHjuY-ykhEiCC2EbBW2J1&index=192&pp=iAQB8AUB
Hold On,https://www.youtube.com/watch?v=QDQYVFQGkkw&list=PLtmZj29rItKfvHjuY-ykhEiCC2EbBW2J1&index=193&pp=iAQB8AUB
Don't Hate Me,https://www.youtube.com/watch?v=KlBpOIM55Jk&list=PLtmZj29rItKfvHjuY-ykhEiCC2EbBW2J1&index=194&pp=iAQB8AUB
Good old days (그날처럼),https://www.youtube.com/watch?v=rLVAMDLdlFQ&list=PLtmZj29rItKfvHjuY-ykhEiCC2EbBW2J1&index=195&pp=iAQB8AUB
이 별 Star,https://www.youtube.com/watch?v=CUu0ufUEkAE&list=PLtmZj29rItKfvHjuY-ykhEiCC2EbBW2J1&index=196&pp=iAQB8AUB
One (Feat. 지선),https://www.youtube.com/watch?v=OKsqczjP5-8&list=PLtmZj29rItKfvHjuY-ykhEiCC2EbBW2J1&index=197&pp=iAQB8AUB0gcJCY0JAYcqIYzv
Heaven,https://www.youtube.com/watch?v=MPfr7QXZ9L8&list=PLtmZj29rItKfvHjuY-ykhEiCC2EbBW2J1&index=198&pp=iAQB8AUB
LATATA (LATATA),https://www.youtube.com/watch?v=KGKhqdtUWyU&list=PLtmZj29rItKfvHjuY-ykhEiCC2EbBW2J1&index=199&pp=iAQB8AUB
My Universe,https://www.youtube.com/watch?v=TaZkqPK0sbw&list=PLtmZj29rItKfvHjuY-ykhEiCC2EbBW2J1&index=200&pp=iAQB8AUB
LION,https://www.youtube.com/watch?v=WP3Pnag40AI&list=PLtmZj29rItKfvHjuY-ykhEiCC2EbBW2J1&index=201&pp=iAQB8AUB
Still Waiting,https://www.youtube.com/watch?v=Q9BHJQZAP2o&list=PLtmZj29rItKfvHjuY-ykhEiCC2EbBW2J1&index=202&pp=iAQB8AUB
Kings & Queens,https://www.youtube.com/watch?v=b8tqMLd4Jog&list=PLtmZj29rItKfvHjuY-ykhEiCC2EbBW2J1&index=203&pp=iAQB8AUB
After Love (사랑한 후에),https://www.youtube.com/watch?v=7c3wuDMuCkk&list=PLtmZj29rItKfvHjuY-ykhEiCC2EbBW2J1&index=204&pp=iAQB8AUB
METEOR,https://www.youtube.com/watch?v=_50jtkDnObw&list=PLtmZj29rItKfvHjuY-ykhEiCC2EbBW2J1&index=205&pp=iAQB8AUB
Chi Mat Ba Ram (치맛바람 (Chi Mat Ba Ram)),https://www.youtube.com/watch?v=0kQBIaIPQ_8&list=PLtmZj29rItKfvHjuY-ykhEiCC2EbBW2J1&index=206&pp=iAQB8AUB
KNOCK KNOCK,https://www.youtube.com/watch?v=mYBpyKEcAa8&list=PLtmZj29rItKfvHjuY-ykhEiCC2EbBW2J1&index=207&pp=iAQB8AUB
HandClap,https://www.youtube.com/watch?v=5AtkWnBjGBU&list=PLtmZj29rItKfvHjuY-ykhEiCC2EbBW2J1&index=208&pp=iAQB8AUB
Fan,https://www.youtube.com/watch?v=z7pwbKt46FY&list=PLtmZj29rItKfvHjuY-ykhEiCC2EbBW2J1&index=209&pp=iAQB8AUB
OOH-AHH하게 Like OOH-AHH,https://www.youtube.com/watch?v=6KMN61Zsd58&list=PLtmZj29rItKfvHjuY-ykhEiCC2EbBW2J1&index=210&pp=iAQB8AUB
First Date,https://www.youtube.com/watch?v=-3mTma5zL2Y&list=PLtmZj29rItKfvHjuY-ykhEiCC2EbBW2J1&index=211&pp=iAQB8AUB
Crazy,https://www.youtube.com/watch?v=uDHmRDB4R2c&list=PLtmZj29rItKfvHjuY-ykhEiCC2EbBW2J1&index=212&pp=iAQB8AUB
소나기 DOWNPOUR,https://www.youtube.com/watch?v=smbyQ-ID39w&list=PLtmZj29rItKfvHjuY-ykhEiCC2EbBW2J1&index=213&pp=iAQB8AUB
wish,https://www.youtube.com/watch?v=M2qpnwmpipI&list=PLtmZj29rItKfvHjuY-ykhEiCC2EbBW2J1&index=214&pp=iAQB8AUB
Counting Stars,https://www.youtube.com/watch?v=_GWKkqNoyEA&list=PLtmZj29rItKfvHjuY-ykhEiCC2EbBW2J1&index=215&pp=iAQB8AUB
1분 1초 (Feat. 타루),https://www.youtube.com/watch?v=KFZ4nrBDyPM&list=PLtmZj29rItKfvHjuY-ykhEiCC2EbBW2J1&index=216&pp=iAQB8AUB
We Ride (운전만해 (We Ride)),https://www.youtube.com/watch?v=mwic6lVqjjA&list=PLtmZj29rItKfvHjuY-ykhEiCC2EbBW2J1&index=217&pp=iAQB8AUB
해바라기,https://www.youtube.com/watch?v=LJO0opJKAd0&list=PLtmZj29rItKfvHjuY-ykhEiCC2EbBW2J1&index=218&pp=iAQB8AUB
Severely (지독하게),https://www.youtube.com/watch?v=cyOHoJlVIXQ&list=PLtmZj29rItKfvHjuY-ykhEiCC2EbBW2J1&index=219&pp=iAQB8AUB
Rollin' (롤린) (New Version),https://www.youtube.com/watch?v=JqJmDLA9Qac&list=PLtmZj29rItKfvHjuY-ykhEiCC2EbBW2J1&index=220&pp=iAQB8AUB
Beach Again (다시 여기 바닷가),https://www.youtube.com/watch?v=vIfIzA9xHxI&list=PLtmZj29rItKfvHjuY-ykhEiCC2EbBW2J1&index=221&pp=iAQB8AUB
Goodbye To Romance,https://www.youtube.com/watch?v=sZgwPQLcDWo&list=PLtmZj29rItKfvHjuY-ykhEiCC2EbBW2J1&index=222&pp=iAQB8AUB
세글자,https://www.youtube.com/watch?v=Qf5Cj3AVLeY&list=PLtmZj29rItKfvHjuY-ykhEiCC2EbBW2J1&index=223&pp=iAQB8AUB
Weekend,https://www.youtube.com/watch?v=INLFlN-PZq4&list=PLtmZj29rItKfvHjuY-ykhEiCC2EbBW2J1&index=224&pp=iAQB8AUB
RUN2U (RUN2U),https://www.youtube.com/watch?v=W0x7GcZkvH4&list=PLtmZj29rItKfvHjuY-ykhEiCC2EbBW2J1&index=225&pp=iAQB8AUB
STEREOTYPE (색안경 (STEREOTYPE)),https://www.youtube.com/watch?v=cDUSXYi0Zl0&list=PLtmZj29rItKfvHjuY-ykhEiCC2EbBW2J1&index=226&pp=iAQB8AUB0gcJCY0JAYcqIYzv
BEAUTIFUL MONSTER (BEAUTIFUL MONSTER),https://www.youtube.com/watch?v=gWvQrC_wjCI&list=PLtmZj29rItKfvHjuY-ykhEiCC2EbBW2J1&index=227&pp=iAQB8AUB
Love Shhh!,https://www.youtube.com/watch?v=WwneWF6ESpA&list=PLtmZj29rItKfvHjuY-ykhEiCC2EbBW2J1&index=228&pp=iAQB8AUB
Vanilla Sky (feat. Han Yo Han) (Vanilla Sky (feat. 한요한)),https://www.youtube.com/watch?v=WA2AsiAzF4c&list=PLtmZj29rItKfvHjuY-ykhEiCC2EbBW2J1&index=229&pp=iAQB8AUB
Aqua Man,https://www.youtube.com/watch?v=CDw9DpL_gNk&list=PLtmZj29rItKfvHjuY-ykhEiCC2EbBW2J1&index=230&pp=iAQB8AUB
"노땡큐 (No Thanxxx) ft. MINO, SIMON DOMINIC, THE QUIETT",https://www.youtube.com/watch?v=IWv9WeuJVMk&list=PLtmZj29rItKfvHjuY-ykhEiCC2EbBW2J1&index=231&pp=iAQB8AUB
[MV] BOL4(볼빨간사춘기) _ Leo(나비와 고양이) (feat. BAEKHYUN(백현)),https://www.youtube.com/watch?v=L8UUYfe6-UA&list=PLtmZj29rItKfvHjuY-ykhEiCC2EbBW2J1&index=232&pp=iAQB8AUB
스트레스 Stress,https://www.youtube.com/watch?v=-4ZL1La4Hb4&list=PLtmZj29rItKfvHjuY-ykhEiCC2EbBW2J1&index=233&pp=iAQB8AUB
[Lyrics/가사] 제주도의 푸른 밤 (The Blue Night Of Jeju Island) - Taeyeon (태연),https://www.youtube.com/watch?v=Rz6hFvT4uWo&list=PLtmZj29rItKfvHjuY-ykhEiCC2EbBW2J1&index=234&pp=iAQB8AUB
광대 | Clowns (with B.M.K),https://www.youtube.com/watch?v=OJhA9nOXMWw&list=PLtmZj29rItKfvHjuY-ykhEiCC2EbBW2J1&index=235&pp=iAQB8AUB
Uptown Funk,https://www.youtube.com/watch?v=tYvFa2ARD24&list=PLtmZj29rItKfvHjuY-ykhEiCC2EbBW2J1&index=236&pp=iAQB8AUB
"question mark (Feat. CHOIZA Of Dynamicduo, Zion.T)",https://www.youtube.com/watch?v=4Uh-Pf02qeQ&list=PLtmZj29rItKfvHjuY-ykhEiCC2EbBW2J1&index=237&pp=iAQB8AUB
Traffic light (신호등),https://www.youtube.com/watch?v=9Ibf10h9U0c&list=PLtmZj29rItKfvHjuY-ykhEiCC2EbBW2J1&index=238&pp=iAQB8AUB
Secret Story of the Swan,https://www.youtube.com/watch?v=1-xAmlac1Lo&list=PLtmZj29rItKfvHjuY-ykhEiCC2EbBW2J1&index=239&pp=iAQB8AUB
Dance The Night Away,https://www.youtube.com/watch?v=fW1Cgv63naI&list=PLtmZj29rItKfvHjuY-ykhEiCC2EbBW2J1&index=240&pp=iAQB8AUB
춥다 (It's Cold) ft. 이하이,https://www.youtube.com/watch?v=CyFrK4tL-SM&list=PLtmZj29rItKfvHjuY-ykhEiCC2EbBW2J1&index=241&pp=iAQB8AUB
추억은 사랑을 닮아,https://www.youtube.com/watch?v=KaOzQqE-fwQ&list=PLtmZj29rItKfvHjuY-ykhEiCC2EbBW2J1&index=242&pp=iAQB8AUB
Break,https://www.youtube.com/watch?v=sE0tKkHrwJo&list=PLtmZj29rItKfvHjuY-ykhEiCC2EbBW2J1&index=243&pp=iAQB8AUB
Boogie On & On,https://www.youtube.com/watch?v=m3xgphSrPfQ&list=PLtmZj29rItKfvHjuY-ykhEiCC2EbBW2J1&index=244&pp=iAQB8AUB
Play the Summer (그 여름을 틀어줘),https://www.youtube.com/watch?v=G4aTM_h-tco&list=PLtmZj29rItKfvHjuY-ykhEiCC2EbBW2J1&index=245&pp=iAQB8AUB
FIESTA,https://www.youtube.com/watch?v=tKIERbJ-R-M&list=PLtmZj29rItKfvHjuY-ykhEiCC2EbBW2J1&index=246&pp=iAQB8AUB0gcJCY0JAYcqIYzv
Panorama,https://www.youtube.com/watch?v=1tkdmY7sdUc&list=PLtmZj29rItKfvHjuY-ykhEiCC2EbBW2J1&index=247&pp=iAQB8AUB
사랑은... 향기를 남기고,https://www.youtube.com/watch?v=4wuZsWr4kK4&list=PLtmZj29rItKfvHjuY-ykhEiCC2EbBW2J1&index=248&pp=iAQB8AUB
My sea (아이와 나의 바다),https://www.youtube.com/watch?v=TqIAndOnd74&list=PLtmZj29rItKfvHjuY-ykhEiCC2EbBW2J1&index=249&pp=iAQB8AUB
Try (노력),https://www.youtube.com/watch?v=oTEwhXKs6zk&list=PLtmZj29rItKfvHjuY-ykhEiCC2EbBW2J1&index=250&pp=iAQB8AUB
Twenty-three (스물셋),https://www.youtube.com/watch?v=GXNHaLIhyMY&list=PLtmZj29rItKfvHjuY-ykhEiCC2EbBW2J1&index=251&pp=iAQB8AUB
STARLIGHT (STARLIGHT),https://www.youtube.com/watch?v=1j66K-3LBaM&list=PLtmZj29rItKfvHjuY-ykhEiCC2EbBW2J1&index=252&pp=iAQB8AUB
U R,https://www.youtube.com/watch?v=woqRmrtVhgM&list=PLtmZj29rItKfvHjuY-ykhEiCC2EbBW2J1&index=253&pp=iAQB8AUB
YES or YES,https://www.youtube.com/watch?v=3AIII5SN0N0&list=PLtmZj29rItKfvHjuY-ykhEiCC2EbBW2J1&index=254&pp=iAQB8AUB0gcJCY0JAYcqIYzv
The Grasshopper Song (베짱이 찬가),https://www.youtube.com/watch?v=Mf_ON-OUIvA&list=PLtmZj29rItKfvHjuY-ykhEiCC2EbBW2J1&index=255&pp=iAQB8AUB
Love Sick (사랑앓이),https://www.youtube.com/watch?v=gjV7B2VwJM0&list=PLtmZj29rItKfvHjuY-ykhEiCC2EbBW2J1&index=256&pp=iAQB8AUB0gcJCY0JAYcqIYzv
See You Again (feat. Charlie Puth),https://www.youtube.com/watch?v=xl8thVrlvjI&list=PLtmZj29rItKfvHjuY-ykhEiCC2EbBW2J1&index=257&pp=iAQB8AUB
A Higher Place,https://www.youtube.com/watch?v=Ie8tS1515cU&list=PLtmZj29rItKfvHjuY-ykhEiCC2EbBW2J1&index=258&pp=iAQB8AUB
Another Day Of Sun,https://www.youtube.com/watch?v=WxCz0UNUNeQ&list=PLtmZj29rItKfvHjuY-ykhEiCC2EbBW2J1&index=259&pp=iAQB8AUB
Give You My Heart (마음을 드려요),https://www.youtube.com/watch?v=euI-C1YONaU&list=PLtmZj29rItKfvHjuY-ykhEiCC2EbBW2J1&index=260&pp=iAQB8AUB
OMG,https://www.youtube.com/watch?v=2Kff0U8w-aU&list=PLtmZj29rItKfvHjuY-ykhEiCC2EbBW2J1&index=261&pp=iAQB8AUB
golden hour,https://www.youtube.com/watch?v=uV_5eEvamoQ&list=PLtmZj29rItKfvHjuY-ykhEiCC2EbBW2J1&index=262&pp=iAQB8AUB
AJR - World's Smallest Violin (Official Video),https://www.youtube.com/watch?v=PEnJbjBuxnw&list=PLtmZj29rItKfvHjuY-ykhEiCC2EbBW2J1&index=263&pp=iAQB8AUB
Kelly Clarkson - Stronger (What Doesn't Kill You) [Official Video],https://www.youtube.com/watch?v=Xn676-fLq7I&list=PLtmZj29rItKfvHjuY-ykhEiCC2EbBW2J1&index=264&pp=iAQB8AUB
Sunday Morning,https://www.youtube.com/watch?v=U9-f4Mosb_A&list=PLtmZj29rItKfvHjuY-ykhEiCC2EbBW2J1&index=265&pp=iAQB8AUB
"Siren Remix (Feat. UNEDUCATED KID, Paul Blanco) (사이렌 Remix (Feat. UNEDUCATED KID, Paul...",https://www.youtube.com/watch?v=Bbl3qPS9x4o&list=PLtmZj29rItKfvHjuY-ykhEiCC2EbBW2J1&index=266&pp=iAQB8AUB
Rain Song (Feat. Colde),https://www.youtube.com/watch?v=6Bs-YqjlRf0&list=PLtmZj29rItKfvHjuY-ykhEiCC2EbBW2J1&index=267&pp=iAQB8AUB
What the Hell,https://www.youtube.com/watch?v=a0y_T4H3Pto&list=PLtmZj29rItKfvHjuY-ykhEiCC2EbBW2J1&index=268&pp=iAQB8AUB
"Officially Missing You, Too (Officially Missing You, Too)",https://www.youtube.com/watch?v=Wfm8-QsV9KE&list=PLtmZj29rItKfvHjuY-ykhEiCC2EbBW2J1&index=269&pp=iAQB8AUB
Wake Me up When September Ends,https://www.youtube.com/watch?v=ulRXvH8VOl8&list=PLtmZj29rItKfvHjuY-ykhEiCC2EbBW2J1&index=270&pp=iAQB8AUB0gcJCY0JAYcqIYzv
Prayer Of The Refugee,https://www.youtube.com/watch?v=I2iR5JYOPPo&list=PLtmZj29rItKfvHjuY-ykhEiCC2EbBW2J1&index=271&pp=iAQB8AUB0gcJCY0JAYcqIYzv
Happy Day (HAPPY DAY),https://www.youtube.com/watch?v=4i1wkzAlU5M&list=PLtmZj29rItKfvHjuY-ykhEiCC2EbBW2J1&index=272&pp=iAQB8AUB
Say Yes,https://www.youtube.com/watch?v=eFcI7q1h-1g&list=PLtmZj29rItKfvHjuY-ykhEiCC2EbBW2J1&index=273&pp=iAQB8AUB
Stay With Me,https://www.youtube.com/watch?v=XRqMn6c0tsU&list=PLtmZj29rItKfvHjuY-ykhEiCC2EbBW2J1&index=274&pp=iAQB8AUB
Stay With Me,https://www.youtube.com/watch?v=7hkL4zDCKhs&list=PLtmZj29rItKfvHjuY-ykhEiCC2EbBW2J1&index=275&pp=iAQB8AUB
"Happy (From ""Despicable Me 2"")",https://www.youtube.com/watch?v=dJqxQzxLbHM&list=PLtmZj29rItKfvHjuY-ykhEiCC2EbBW2J1&index=276&pp=iAQB8AUB
Daydreaming,https://www.youtube.com/watch?v=56y3489HJ6o&list=PLtmZj29rItKfvHjuY-ykhEiCC2EbBW2J1&index=277&pp=iAQB8AUB0gcJCY0JAYcqIYzv
Maps,https://www.youtube.com/watch?v=u6fQ9q9j-Qk&list=PLtmZj29rItKfvHjuY-ykhEiCC2EbBW2J1&index=278&pp=iAQB8AUB
Thunder,https://www.youtube.com/watch?v=EU7EOFNCamM&list=PLtmZj29rItKfvHjuY-ykhEiCC2EbBW2J1&index=279&pp=iAQB8AUB
The First Time,https://www.youtube.com/watch?v=980ndPyXLw0&list=PLtmZj29rItKfvHjuY-ykhEiCC2EbBW2J1&index=280&pp=iAQB8AUB
Life Of The Party,https://www.youtube.com/watch?v=tFYIQmRJRBc&list=PLtmZj29rItKfvHjuY-ykhEiCC2EbBW2J1&index=281&pp=iAQB8AUB
Vacation,https://www.youtube.com/watch?v=mPCxvYQlykE&list=PLtmZj29rItKfvHjuY-ykhEiCC2EbBW2J1&index=282&pp=iAQB8AUB
Nightcore - Remember When,https://www.youtube.com/watch?v=2yhhK_2HZzQ&list=PLtmZj29rItKfvHjuY-ykhEiCC2EbBW2J1&index=283&pp=iAQB8AUB
Viva La Vida,https://www.youtube.com/watch?v=3a-q7vPa-UU&list=PLtmZj29rItKfvHjuY-ykhEiCC2EbBW2J1&index=284&pp=iAQB8AUB
Get Jinxed,https://www.youtube.com/watch?v=KedDZiXoVTw&list=PLtmZj29rItKfvHjuY-ykhEiCC2EbBW2J1&index=285&pp=iAQB8AUB
Call Me Maybe,https://www.youtube.com/watch?v=dlObDivWgx8&list=PLtmZj29rItKfvHjuY-ykhEiCC2EbBW2J1&index=286&pp=iAQB8AUB
Legends Never Die (ft. Against The Current) | Worlds 2017 - League of Legends,https://www.youtube.com/watch?v=r6zIGXun57U&list=PLtmZj29rItKfvHjuY-ykhEiCC2EbBW2J1&index=287&pp=iAQB8AUB
"Moves Like Jagger (Studio Recording From ""The Voice"" Performance)",https://www.youtube.com/watch?v=2UfIXzKXic0&list=PLtmZj29rItKfvHjuY-ykhEiCC2EbBW2J1&index=288&pp=iAQB8AUB
Butter,https://www.youtube.com/watch?v=NNCBq0JHXsU&list=PLtmZj29rItKfvHjuY-ykhEiCC2EbBW2J1&index=289&pp=iAQB8AUB
Memories,https://www.youtube.com/watch?v=lNilb-EaTOU&list=PLtmZj29rItKfvHjuY-ykhEiCC2EbBW2J1&index=290&pp=iAQB8AUB
I'm Just a Kid,https://www.youtube.com/watch?v=koKLSBMibCc&list=PLtmZj29rItKfvHjuY-ykhEiCC2EbBW2J1&index=291&pp=iAQB8AUB
Try Everything,https://www.youtube.com/watch?v=230sI_WxO7Y&list=PLtmZj29rItKfvHjuY-ykhEiCC2EbBW2J1&index=292&pp=iAQB8AUB
Supercell- Melt 3M (ver.Nagi)(Remix),https://www.youtube.com/watch?v=hbXMhbma_Pc&list=PLtmZj29rItKfvHjuY-ykhEiCC2EbBW2J1&index=293&pp=iAQB8AUB
Shining ray,https://www.youtube.com/watch?v=mXkCSuNGBso&list=PLtmZj29rItKfvHjuY-ykhEiCC2EbBW2J1&index=294&pp=iAQB8AUB
활주 ('나루토' 여는 노래),https://www.youtube.com/watch?v=vhVlEp46fKE&list=PLtmZj29rItKfvHjuY-ykhEiCC2EbBW2J1&index=295&pp=iAQB8AUB
ココロのちず,https://www.youtube.com/watch?v=k-6XQZ0kt8A&list=PLtmZj29rItKfvHjuY-ykhEiCC2EbBW2J1&index=296&pp=iAQB8AUB
드래곤볼 GT 오프닝 풀버전 (한글자막),https://www.youtube.com/watch?v=p16Lm8V-xxM&list=PLtmZj29rItKfvHjuY-ykhEiCC2EbBW2J1&index=297&pp=iAQB8AUB
OHSHC- Sakura Kiss- full opening,https://www.youtube.com/watch?v=xi4JLywH_cA&list=PLtmZj29rItKfvHjuY-ykhEiCC2EbBW2J1&index=298&pp=iAQB8AUB
오란고교호스트부 ed (full),https://www.youtube.com/watch?v=6bpIC4QfUlA&list=PLtmZj29rItKfvHjuY-ykhEiCC2EbBW2J1&index=299&pp=iAQB8AUB
Rush,https://www.youtube.com/watch?v=5QEod2r4faQ&list=PLtmZj29rItKfvHjuY-ykhEiCC2EbBW2J1&index=300&pp=iAQB8AUB
ONE OK ROCK 「完全感覚Dreamer」,https://www.youtube.com/watch?v=xGbxsiBZGPI&list=PLtmZj29rItKfvHjuY-ykhEiCC2EbBW2J1&index=301&pp=iAQB8AUB0gcJCY0JAYcqIYzv
Starlight,https://www.youtube.com/watch?v=sFT4kjrytW8&list=PLtmZj29rItKfvHjuY-ykhEiCC2EbBW2J1&index=302&pp=iAQB8AUB
Go!,https://www.youtube.com/watch?v=68U1mc_azhI&list=PLtmZj29rItKfvHjuY-ykhEiCC2EbBW2J1&index=303&pp=iAQB8AUB
Your Existence,https://www.youtube.com/watch?v=vbMJf5NIxtU&list=PLtmZj29rItKfvHjuY-ykhEiCC2EbBW2J1&index=304&pp=iAQB8AUB
서랍,https://www.youtube.com/watch?v=tnsggn5cNmU&list=PLtmZj29rItKfvHjuY-ykhEiCC2EbBW2J1&index=305&pp=iAQB8AUB
Zenzenzense - movie ver.,https://www.youtube.com/watch?v=qp0AktOIAag&list=PLtmZj29rItKfvHjuY-ykhEiCC2EbBW2J1&index=306&pp=iAQB8AUB
Sorairo Days,https://www.youtube.com/watch?v=svO1L1uIxjM&list=PLtmZj29rItKfvHjuY-ykhEiCC2EbBW2J1&index=307&pp=iAQB8AUB0gcJCY0JAYcqIYzv
Happily Ever After,https://www.youtube.com/watch?v=Kq_plVrBPx4&list=PLtmZj29rItKfvHjuY-ykhEiCC2EbBW2J1&index=308&pp=iAQB8AUB
Gurenge,https://www.youtube.com/watch?v=TqyfmFaZlqw&list=PLtmZj29rItKfvHjuY-ykhEiCC2EbBW2J1&index=309&pp=iAQB8AUB
"NO, Thank You!",https://www.youtube.com/watch?v=mpb2pQtGb5A&list=PLtmZj29rItKfvHjuY-ykhEiCC2EbBW2J1&index=310&pp=iAQB8AUB
Faint,https://www.youtube.com/watch?v=2mXNRsyTitA&list=PLtmZj29rItKfvHjuY-ykhEiCC2EbBW2J1&index=311&pp=iAQB8AUB
Somebody That I Used To Know,https://www.youtube.com/watch?v=auPs5yPOlGU&list=PLtmZj29rItKfvHjuY-ykhEiCC2EbBW2J1&index=312&pp=iAQB8AUB
I Really Like You,https://www.youtube.com/watch?v=6mrBqUZBrW8&list=PLtmZj29rItKfvHjuY-ykhEiCC2EbBW2J1&index=313&pp=iAQB8AUB
Undertale Mashup - Hopes and Dreams - His Theme - SAVE the World - Last Goodbye,https://www.youtube.com/watch?v=_0LKEyuTCX0&list=PLtmZj29rItKfvHjuY-ykhEiCC2EbBW2J1&index=314&pp=iAQB8AUB0gcJCY0JAYcqIYzv
Knots Way - feat. Romelon｜Full Version,https://www.youtube.com/watch?v=cTYmosTQU00&list=PLtmZj29rItKfvHjuY-ykhEiCC2EbBW2J1&index=315&pp=iAQB8AUB
Time-Bomb,https://www.youtube.com/watch?v=-HBhhLZkdMQ&list=PLtmZj29rItKfvHjuY-ykhEiCC2EbBW2J1&index=316&pp=iAQB8AUB
WALK THE MOON - Shut Up and Dance (Official Video),https://www.youtube.com/watch?v=6JCLY0Rlx6Q&list=PLtmZj29rItKfvHjuY-ykhEiCC2EbBW2J1&index=317&pp=iAQB8AUB0gcJCY0JAYcqIYzv
My heart is beating (가슴이 뛴다),https://www.youtube.com/watch?v=sRmbrE6eHpU&list=PLtmZj29rItKfvHjuY-ykhEiCC2EbBW2J1&index=318&pp=iAQB8AUB
ELLEGARDEN - Strawberry Margarita [MUSIC VIDEO],https://www.youtube.com/watch?v=JVJqyzgUxT8&list=PLtmZj29rItKfvHjuY-ykhEiCC2EbBW2J1&index=319&pp=iAQB8AUB
Smile boy,https://www.youtube.com/watch?v=fGauJC29ONM&list=PLtmZj29rItKfvHjuY-ykhEiCC2EbBW2J1&index=320&pp=iAQB8AUB
ウンディーネ,https://www.youtube.com/watch?v=dhweqnnDUnI&list=PLtmZj29rItKfvHjuY-ykhEiCC2EbBW2J1&index=321&pp=iAQB8AUB
Galileo Galilei - Aoi Shiori,https://www.youtube.com/watch?v=T3bxbVGWy5k&list=PLtmZj29rItKfvHjuY-ykhEiCC2EbBW2J1&index=322&pp=iAQB8AUB
"livetune - Last Night, Good Night",https://www.youtube.com/watch?v=T6mMMYSqlM4&list=PLtmZj29rItKfvHjuY-ykhEiCC2EbBW2J1&index=323&pp=iAQB8AUB
나비효과,https://www.youtube.com/watch?v=Il-XQfdp5As&list=PLtmZj29rItKfvHjuY-ykhEiCC2EbBW2J1&index=324&pp=iAQB8AUB
품,https://www.youtube.com/watch?v=HfMKbkvvVNM&list=PLtmZj29rItKfvHjuY-ykhEiCC2EbBW2J1&index=325&pp=iAQB8AUB
Way Back Home,https://www.youtube.com/watch?v=1rP7ziPDDt0&list=PLtmZj29rItKfvHjuY-ykhEiCC2EbBW2J1&index=326&pp=iAQB8AUB
Lonely Girl,https://www.youtube.com/watch?v=rSITrt329yQ&list=PLtmZj29rItKfvHjuY-ykhEiCC2EbBW2J1&index=327&pp=iAQB8AUB
I need you (니가 필요해 (I NEED YOU)),https://www.youtube.com/watch?v=GFrx346WL6g&list=PLtmZj29rItKfvHjuY-ykhEiCC2EbBW2J1&index=328&pp=iAQB8AUB0gcJCY0JAYcqIYzv
붉은 노을 (Sunset Glow),https://www.youtube.com/watch?v=UJn-F2kPCaQ&list=PLtmZj29rItKfvHjuY-ykhEiCC2EbBW2J1&index=329&pp=iAQB8AUB
emo girl,https://www.youtube.com/watch?v=ZWI35CeDeJQ&list=PLtmZj29rItKfvHjuY-ykhEiCC2EbBW2J1&index=330&pp=iAQB8AUB
질풍가도 ('쾌걸 근육맨 2세' 여는노래),https://www.youtube.com/watch?v=BFguYNU4E8g&list=PLtmZj29rItKfvHjuY-ykhEiCC2EbBW2J1&index=331&pp=iAQB8AUB
거리에서,https://www.youtube.com/watch?v=wcuWIz6CI1U&list=PLtmZj29rItKfvHjuY-ykhEiCC2EbBW2J1&index=332&pp=iAQB8AUB
Over You,https://www.youtube.com/watch?v=qgXUga3Fe80&list=PLtmZj29rItKfvHjuY-ykhEiCC2EbBW2J1&index=333&pp=iAQB8AUB
It's Not Over,https://www.youtube.com/watch?v=0InYce2mqeY&list=PLtmZj29rItKfvHjuY-ykhEiCC2EbBW2J1&index=334&pp=iAQB8AUB
No Surprise,https://www.youtube.com/watch?v=ZBYJDzRyQxE&list=PLtmZj29rItKfvHjuY-ykhEiCC2EbBW2J1&index=335&pp=iAQB8AUB
Waiting for Superman,https://www.youtube.com/watch?v=wFfvSzjLqeM&list=PLtmZj29rItKfvHjuY-ykhEiCC2EbBW2J1&index=336&pp=iAQB8AUB
Wild Heart,https://www.youtube.com/watch?v=HD_w6Uh-9qk&list=PLtmZj29rItKfvHjuY-ykhEiCC2EbBW2J1&index=337&pp=iAQB8AUB
What I Want,https://www.youtube.com/watch?v=JxtPL1tE7q0&list=PLtmZj29rItKfvHjuY-ykhEiCC2EbBW2J1&index=338&pp=iAQB8AUB
Painkiller,https://www.youtube.com/watch?v=3YHGEuefsbI&list=PLtmZj29rItKfvHjuY-ykhEiCC2EbBW2J1&index=339&pp=iAQB8AUB
Bad,https://www.youtube.com/watch?v=lJZve3zkD6Y&list=PLtmZj29rItKfvHjuY-ykhEiCC2EbBW2J1&index=340&pp=iAQB8AUB
There's Nothing Holdin' Me Back,https://www.youtube.com/watch?v=Ztdc7TcPdAA&list=PLtmZj29rItKfvHjuY-ykhEiCC2EbBW2J1&index=341&pp=iAQB8AUB
Closer,https://www.youtube.com/watch?v=r7zTKRonHXM&list=PLtmZj29rItKfvHjuY-ykhEiCC2EbBW2J1&index=342&pp=iAQB8AUB
WINE (오늘 취하면) (Feat.Changmo) (창모) (Prod. by SUGA),https://www.youtube.com/watch?v=mg6vQMxikNA&list=PLtmZj29rItKfvHjuY-ykhEiCC2EbBW2J1&index=343&pp=iAQB8AUB
Any song (아무노래),https://www.youtube.com/watch?v=GOtF5_Ow0_Y&list=PLtmZj29rItKfvHjuY-ykhEiCC2EbBW2J1&index=344&pp=iAQB8AUB
What Makes You Beautiful,https://www.youtube.com/watch?v=d57qSDCxVA4&list=PLtmZj29rItKfvHjuY-ykhEiCC2EbBW2J1&index=345&pp=iAQB8AUB
Blue,https://www.youtube.com/watch?v=k2zDLzfcb3I&list=PLtmZj29rItKfvHjuY-ykhEiCC2EbBW2J1&index=346&pp=iAQB8AUB
I AM (I AM),https://www.youtube.com/watch?v=MqcFHCNXiok&list=PLtmZj29rItKfvHjuY-ykhEiCC2EbBW2J1&index=347&pp=iAQB8AUB
Rose Blossom,https://www.youtube.com/watch?v=Na_sJ7XtDl0&list=PLtmZj29rItKfvHjuY-ykhEiCC2EbBW2J1&index=348&pp=iAQB8AUB
나쁜놈 (feat. 소야),https://www.youtube.com/watch?v=YplLcEonj90&list=PLtmZj29rItKfvHjuY-ykhEiCC2EbBW2J1&index=349&pp=iAQB8AUB0gcJCY0JAYcqIYzv
"사랑, 결코 시들지 않는....",https://www.youtube.com/watch?v=R3IzccqqBKk&list=PLtmZj29rItKfvHjuY-ykhEiCC2EbBW2J1&index=350&pp=iAQB8AUB
High Hopes,https://www.youtube.com/watch?v=GJY8OMJXRAk&list=PLtmZj29rItKfvHjuY-ykhEiCC2EbBW2J1&index=351&pp=iAQB8AUB
she's all i wanna be,https://www.youtube.com/watch?v=L3J0itUBBlo&list=PLtmZj29rItKfvHjuY-ykhEiCC2EbBW2J1&index=352&pp=iAQB8AUB0gcJCY0JAYcqIYzv
I Feel Like Dancin',https://www.youtube.com/watch?v=Znem9dfEcTs&list=PLtmZj29rItKfvHjuY-ykhEiCC2EbBW2J1&index=353&pp=iAQB8AUB
Ai Wo Tsutaetaidatoka,https://www.youtube.com/watch?v=TSGOZyt2iDI&list=PLtmZj29rItKfvHjuY-ykhEiCC2EbBW2J1&index=354&pp=iAQB8AUB
Lonely Night,https://www.youtube.com/watch?v=bZnzx4rrTM0&list=PLtmZj29rItKfvHjuY-ykhEiCC2EbBW2J1&index=355&pp=iAQB8AUB
Confession of your love (이제 나와라 고백),https://www.youtube.com/watch?v=2CeTj-iY6jQ&list=PLtmZj29rItKfvHjuY-ykhEiCC2EbBW2J1&index=356&pp=iAQB8AUB
UNFORGIVEN (feat. Nile Rodgers),https://www.youtube.com/watch?v=WdiSosDz4ss&list=PLtmZj29rItKfvHjuY-ykhEiCC2EbBW2J1&index=357&pp=iAQB8AUB
If We Ever Broke Up,https://www.youtube.com/watch?v=4tXrPj2JJ_c&list=PLtmZj29rItKfvHjuY-ykhEiCC2EbBW2J1&index=358&pp=iAQB8AUB
flex (Prod. By GIRIBOY) (기리보이),https://www.youtube.com/watch?v=kOSsoCgsFvg&list=PLtmZj29rItKfvHjuY-ykhEiCC2EbBW2J1&index=359&pp=iAQB8AUB
Rolling Star,https://www.youtube.com/watch?v=L1RG1YqWwuo&list=PLtmZj29rItKfvHjuY-ykhEiCC2EbBW2J1&index=360&pp=iAQB8AUB
Lisrim,https://www.youtube.com/watch?v=IAWfOhT8sXo&list=PLtmZj29rItKfvHjuY-ykhEiCC2EbBW2J1&index=361&pp=iAQB8AUB
t.A.T.u. - All The Things She Said (Official Music Video),https://www.youtube.com/watch?v=8mGBaXPlri8&list=PLtmZj29rItKfvHjuY-ykhEiCC2EbBW2J1&index=362&pp=iAQB8AUB
可愛くてごめん (feat. かぴ),https://www.youtube.com/watch?v=9o9kQ1_pi8k&list=PLtmZj29rItKfvHjuY-ykhEiCC2EbBW2J1&index=363&pp=iAQB8AUB
"[麦吉_Maggie x 盖盖Nyan] - Summertime (pv,한글자막)",https://www.youtube.com/watch?v=5D-40WRvJE0&list=PLtmZj29rItKfvHjuY-ykhEiCC2EbBW2J1&index=364&pp=iAQB8AUB
Thursday Night (목요일 밤) (feat.Beenzino) (빈지노),https://www.youtube.com/watch?v=rfykBICvtCo&list=PLtmZj29rItKfvHjuY-ykhEiCC2EbBW2J1&index=365&pp=iAQB8AUB
파이팅 해야지 (Feat. 이영지),https://www.youtube.com/watch?v=Y4JQokTmBTA&list=PLtmZj29rItKfvHjuY-ykhEiCC2EbBW2J1&index=366&pp=iAQB8AUB
우연히 봄,https://www.youtube.com/watch?v=VjYO5fdmWhk&list=PLtmZj29rItKfvHjuY-ykhEiCC2EbBW2J1&index=367&pp=iAQB8AUB
Believer,https://www.youtube.com/watch?v=Kx7B-XvmFtE&list=PLtmZj29rItKfvHjuY-ykhEiCC2EbBW2J1&index=368&pp=iAQB8AUB
Crashed,https://www.youtube.com/watch?v=jK26Px4tgb4&list=PLtmZj29rItKfvHjuY-ykhEiCC2EbBW2J1&index=369&pp=iAQB8AUB
4. 한번 더,https://www.youtube.com/watch?v=8x1Xtzx1-6E&list=PLtmZj29rItKfvHjuY-ykhEiCC2EbBW2J1&index=370&pp=iAQB8AUB
Teddy Bear (Teddy Bear),https://www.youtube.com/watch?v=EoO2MTDkpJA&list=PLtmZj29rItKfvHjuY-ykhEiCC2EbBW2J1&index=371&pp=iAQB8AUB
Talk that Talk,https://www.youtube.com/watch?v=F2Y0Q9blUPk&list=PLtmZj29rItKfvHjuY-ykhEiCC2EbBW2J1&index=372&pp=iAQB8AUB
FOREVER 1,https://www.youtube.com/watch?v=QiziJ40kTz0&list=PLtmZj29rItKfvHjuY-ykhEiCC2EbBW2J1&index=373&pp=iAQB8AUB
"Steal The Show (From ""Elemental"")",https://www.youtube.com/watch?v=GTwu-YsMvyo&list=PLtmZj29rItKfvHjuY-ykhEiCC2EbBW2J1&index=374&pp=iAQB8AUB
Let’s Say Goodbye (헤어지자 말해요),https://www.youtube.com/watch?v=5BNXmOlRgzI&list=PLtmZj29rItKfvHjuY-ykhEiCC2EbBW2J1&index=375&pp=iAQB8AUB
"이브, 프시케 그리고 푸른 수염의 아내",https://www.youtube.com/watch?v=eS-NAO3zmn4&list=PLtmZj29rItKfvHjuY-ykhEiCC2EbBW2J1&index=376&pp=iAQB8AUB0gcJCY0JAYcqIYzv
LOCKDOWN,https://www.youtube.com/watch?v=3KZCKKeCuAc&list=PLtmZj29rItKfvHjuY-ykhEiCC2EbBW2J1&index=377&pp=iAQB8AUB
Home,https://www.youtube.com/watch?v=Apf_UMmBb0U&list=PLtmZj29rItKfvHjuY-ykhEiCC2EbBW2J1&index=378&pp=iAQB8AUB
Bon Jovi - All About Lovin' You,https://www.youtube.com/watch?v=eb1oFIqBVzA&list=PLtmZj29rItKfvHjuY-ykhEiCC2EbBW2J1&index=379&pp=iAQB8AUB
Superstar,https://www.youtube.com/watch?v=-x9826NisrQ&list=PLtmZj29rItKfvHjuY-ykhEiCC2EbBW2J1&index=380&pp=iAQB8AUB
Be Your Everything,https://www.youtube.com/watch?v=ye4y0rAFtws&list=PLtmZj29rItKfvHjuY-ykhEiCC2EbBW2J1&index=381&pp=iAQB8AUB
Two Is Better Than One,https://www.youtube.com/watch?v=wRGeQvA4Vvw&list=PLtmZj29rItKfvHjuY-ykhEiCC2EbBW2J1&index=382&pp=iAQB8AUB
Paramore: Decode [OFFICIAL VIDEO],https://www.youtube.com/watch?v=RvnkAtWcKYg&list=PLtmZj29rItKfvHjuY-ykhEiCC2EbBW2J1&index=383&pp=iAQB8AUB
maybe,https://www.youtube.com/watch?v=9eJmdsZO6jk&list=PLtmZj29rItKfvHjuY-ykhEiCC2EbBW2J1&index=384&pp=iAQB8AUB
Machine Gun Kelly ft. Halsey - forget me too (Official Music Video),https://www.youtube.com/watch?v=0tn6nWYNK3Q&list=PLtmZj29rItKfvHjuY-ykhEiCC2EbBW2J1&index=385&pp=iAQB8AUB
Face Down,https://www.youtube.com/watch?v=eEpbE2UJXcU&list=PLtmZj29rItKfvHjuY-ykhEiCC2EbBW2J1&index=386&pp=iAQB8AUB
Dirty Little Secret,https://www.youtube.com/watch?v=CBQsLKcLeUU&list=PLtmZj29rItKfvHjuY-ykhEiCC2EbBW2J1&index=387&pp=iAQB8AUB
Rise Against - Satellite,https://www.youtube.com/watch?v=6nQCxwneUwA&list=PLtmZj29rItKfvHjuY-ykhEiCC2EbBW2J1&index=388&pp=iAQB8AUB
Avril Lavigne - My Happy Ending (Official Video - Clean),https://www.youtube.com/watch?v=s8QYxmpuyxg&list=PLtmZj29rItKfvHjuY-ykhEiCC2EbBW2J1&index=389&pp=iAQB8AUB
Stay,https://www.youtube.com/watch?v=pCtK6FPZtZk&list=PLtmZj29rItKfvHjuY-ykhEiCC2EbBW2J1&index=390&pp=iAQB8AUB
반짝반짝,https://www.youtube.com/watch?v=lMj_LlHtiDk&list=PLtmZj29rItKfvHjuY-ykhEiCC2EbBW2J1&index=391&pp=iAQB8AUB
BUBIBU (BUBIBU),https://www.youtube.com/watch?v=eNcn4vA-9sE&list=PLtmZj29rItKfvHjuY-ykhEiCC2EbBW2J1&index=392&pp=iAQB8AUB
[MV] Apink(에이핑크) _ Mr. Chu(미스터 츄),https://www.youtube.com/watch?v=K5H-GvnNz2Y&list=PLtmZj29rItKfvHjuY-ykhEiCC2EbBW2J1&index=393&pp=iAQB8AUB
After school(애프터스쿨) _ Shampoo MV,https://www.youtube.com/watch?v=1OSmITtaX3o&list=PLtmZj29rItKfvHjuY-ykhEiCC2EbBW2J1&index=394&pp=iAQB8AUB
Only one for me (너 없인 안 된다),https://www.youtube.com/watch?v=jikWCZUnGaw&list=PLtmZj29rItKfvHjuY-ykhEiCC2EbBW2J1&index=395&pp=iAQB8AUB
힘 내! Way to go,https://www.youtube.com/watch?v=-Hi1P7LTshM&list=PLtmZj29rItKfvHjuY-ykhEiCC2EbBW2J1&index=396&pp=iAQB8AUB
Pit-A-Pat (두근두근),https://www.youtube.com/watch?v=1OfCkrf9Pes&list=PLtmZj29rItKfvHjuY-ykhEiCC2EbBW2J1&index=397&pp=iAQB8AUB
Rain,https://www.youtube.com/watch?v=aDCzWqHCeYQ&list=PLtmZj29rItKfvHjuY-ykhEiCC2EbBW2J1&index=398&pp=iAQB8AUB
Je T’aime,https://www.youtube.com/watch?v=woLcQL-RaRU&list=PLtmZj29rItKfvHjuY-ykhEiCC2EbBW2J1&index=399&pp=iAQB8AUB
Sleepless rainy night (잠 못 드는 밤 비는 내리고),https://www.youtube.com/watch?v=xb3F_YlAb7k&list=PLtmZj29rItKfvHjuY-ykhEiCC2EbBW2J1&index=400&pp=iAQB8AUB
my ex's best friend,https://www.youtube.com/watch?v=umfi3r2tk6Q&list=PLtmZj29rItKfvHjuY-ykhEiCC2EbBW2J1&index=401&pp=iAQB8AUB0gcJCY0JAYcqIYzv
이세계아이돌 (ISEGYE IDOL) - KIDDING (키딩) Official MV,https://www.youtube.com/watch?v=rDFUl2mHIW4&list=PLtmZj29rItKfvHjuY-ykhEiCC2EbBW2J1&index=402&pp=iAQB8AUB
이세계아이돌 (ISEGYE IDOL) - Another World (어나더 월드) Official MV (차원을넘어 이세계아이돌 웹툰 OST),https://www.youtube.com/watch?v=8KTFf2X-ago&list=PLtmZj29rItKfvHjuY-ykhEiCC2EbBW2J1&index=403&pp=iAQB8AUB
Paper Boat,https://www.youtube.com/watch?v=q5MbpLb1HXQ&list=PLtmZj29rItKfvHjuY-ykhEiCC2EbBW2J1&index=404&pp=iAQB8AUB
바다가 들려 Hear The Sea,https://www.youtube.com/watch?v=xOpEzig9LzE&list=PLtmZj29rItKfvHjuY-ykhEiCC2EbBW2J1&index=405&pp=iAQB8AUB
YENA (최예나) - Hate Rodrigo (Feat. 우기 ((여자)아이들)) MV,https://www.youtube.com/watch?v=1XIi9ofX2kE&list=PLtmZj29rItKfvHjuY-ykhEiCC2EbBW2J1&index=406&pp=iAQB8AUB
Perfect Night,https://www.youtube.com/watch?v=Gqfq_8jPw8Q&list=PLtmZj29rItKfvHjuY-ykhEiCC2EbBW2J1&index=407&pp=iAQB8AUB
Throne,https://www.youtube.com/watch?v=aJjvKCtivak&list=PLtmZj29rItKfvHjuY-ykhEiCC2EbBW2J1&index=408&pp=iAQB8AUB
When I Get Old,https://www.youtube.com/watch?v=OeFWNFKDqwU&list=PLtmZj29rItKfvHjuY-ykhEiCC2EbBW2J1&index=409&pp=iAQB8AUB
Shake It Off,https://www.youtube.com/watch?v=sWMk8dwljFU&list=PLtmZj29rItKfvHjuY-ykhEiCC2EbBW2J1&index=410&pp=iAQB8AUB
예뻐졌다 (Feat. 지코 of Block B) Beautiful (Feat. ZICO of Block B),https://www.youtube.com/watch?v=fxcAAMnMxFI&list=PLtmZj29rItKfvHjuY-ykhEiCC2EbBW2J1&index=411&pp=iAQB8AUB0gcJCY0JAYcqIYzv
Reverse-Parallel Universe,https://www.youtube.com/watch?v=wN2TmEKPX-Q&list=PLtmZj29rItKfvHjuY-ykhEiCC2EbBW2J1&index=412&pp=iAQB8AUB
Kingslayer,https://www.youtube.com/watch?v=INnieyJ_QPE&list=PLtmZj29rItKfvHjuY-ykhEiCC2EbBW2J1&index=413&pp=iAQB8AUB
예뻐 예뻐,https://www.youtube.com/watch?v=mmq394tzFGc&list=PLtmZj29rItKfvHjuY-ykhEiCC2EbBW2J1&index=414&pp=iAQB8AUB
Zombie,https://www.youtube.com/watch?v=92nsOGmP0gg&list=PLtmZj29rItKfvHjuY-ykhEiCC2EbBW2J1&index=415&pp=iAQB8AUB
Pianissimo (2022 Remixed Remastered),https://www.youtube.com/watch?v=j-v14k6lCIo&list=PLtmZj29rItKfvHjuY-ykhEiCC2EbBW2J1&index=416&pp=iAQB8AUB
BLUE MOON (Prod. GroovyRoom) (BLUE MOON (PROD. GROOVYROOM)),https://www.youtube.com/watch?v=ZOner0e0Owo&list=PLtmZj29rItKfvHjuY-ykhEiCC2EbBW2J1&index=417&pp=iAQB8AUB
Rewrite,https://www.youtube.com/watch?v=G3_8jgVceBs&list=PLtmZj29rItKfvHjuY-ykhEiCC2EbBW2J1&index=418&pp=iAQB8AUB0gcJCY0JAYcqIYzv
Rumor Mill,https://www.youtube.com/watch?v=CnK0dCwfYYY&list=PLtmZj29rItKfvHjuY-ykhEiCC2EbBW2J1&index=419&pp=iAQB8AUB
Beautiful Soul,https://www.youtube.com/watch?v=V3yyonWvXFs&list=PLtmZj29rItKfvHjuY-ykhEiCC2EbBW2J1&index=420&pp=iAQB8AUB
Bad Day,https://www.youtube.com/watch?v=-reIEyYxgxA&list=PLtmZj29rItKfvHjuY-ykhEiCC2EbBW2J1&index=421&pp=iAQB8AUB
Party Rock Anthem,https://www.youtube.com/watch?v=kmioyMNkgx4&list=PLtmZj29rItKfvHjuY-ykhEiCC2EbBW2J1&index=422&pp=iAQB8AUB
Love Lee,https://www.youtube.com/watch?v=fx227oTnnPc&list=PLtmZj29rItKfvHjuY-ykhEiCC2EbBW2J1&index=423&pp=iAQB8AUB
Higher,https://www.youtube.com/watch?v=QYn91oYMhjY&list=PLtmZj29rItKfvHjuY-ykhEiCC2EbBW2J1&index=424&pp=iAQB8AUB
Weightless,https://www.youtube.com/watch?v=Q-6PrQTBAa8&list=PLtmZj29rItKfvHjuY-ykhEiCC2EbBW2J1&index=425&pp=iAQB8AUB
Driver's High,https://www.youtube.com/watch?v=sTi-9tFG-6g&list=PLtmZj29rItKfvHjuY-ykhEiCC2EbBW2J1&index=426&pp=iAQB8AUB
TiK ToK,https://www.youtube.com/watch?v=u5uSlUKBEDc&list=PLtmZj29rItKfvHjuY-ykhEiCC2EbBW2J1&index=427&pp=iAQB8AUB
Beautiful Pain (아름답고도 아프구나),https://www.youtube.com/watch?v=5zae7TdE848&list=PLtmZj29rItKfvHjuY-ykhEiCC2EbBW2J1&index=428&pp=iAQB8AUB
Creep,https://www.youtube.com/watch?v=9RfVp-GhKfs&list=PLtmZj29rItKfvHjuY-ykhEiCC2EbBW2J1&index=429&pp=iAQB8AUB
bloody valentine,https://www.youtube.com/watch?v=RKwpWqOrSA8&list=PLtmZj29rItKfvHjuY-ykhEiCC2EbBW2J1&index=430&pp=iAQB8AUB
Monsters (feat. Demi Lovato and blackbear),https://www.youtube.com/watch?v=M9cfZrLC6Ug&list=PLtmZj29rItKfvHjuY-ykhEiCC2EbBW2J1&index=431&pp=iAQB8AUB
Tell Me I'm A Wreck,https://www.youtube.com/watch?v=GF85tR20bkU&list=PLtmZj29rItKfvHjuY-ykhEiCC2EbBW2J1&index=432&pp=iAQB8AUB
Stitches,https://www.youtube.com/watch?v=xKtNyChcW8A&list=PLtmZj29rItKfvHjuY-ykhEiCC2EbBW2J1&index=433&pp=iAQB8AUB
Returns,https://www.youtube.com/watch?v=SHqgpETNn4c&list=PLtmZj29rItKfvHjuY-ykhEiCC2EbBW2J1&index=434&pp=iAQB8AUB
Summer Love (애타는 마음),https://www.youtube.com/watch?v=BJB7LXwF0MU&list=PLtmZj29rItKfvHjuY-ykhEiCC2EbBW2J1&index=435&pp=iAQB8AUB
Eurachacha (으라차차),https://www.youtube.com/watch?v=J6EEcsNK91k&list=PLtmZj29rItKfvHjuY-ykhEiCC2EbBW2J1&index=436&pp=iAQB8AUB
karaoke (노래방에서),https://www.youtube.com/watch?v=zeIOhIpQ-oI&list=PLtmZj29rItKfvHjuY-ykhEiCC2EbBW2J1&index=437&pp=iAQB8AUB0gcJCY0JAYcqIYzv
하늘을 달리다,https://www.youtube.com/watch?v=aAHMKfHfxkY&list=PLtmZj29rItKfvHjuY-ykhEiCC2EbBW2J1&index=438&pp=iAQB8AUB
불티 Spark,https://www.youtube.com/watch?v=8a_kJWcAOvU&list=PLtmZj29rItKfvHjuY-ykhEiCC2EbBW2J1&index=439&pp=iAQB8AUB0gcJCY0JAYcqIYzv
I LUV U (with MIRANI),https://www.youtube.com/watch?v=84QwrfBTwKg&list=PLtmZj29rItKfvHjuY-ykhEiCC2EbBW2J1&index=440&pp=iAQB8AUB
Behind Closed Doors,https://www.youtube.com/watch?v=fqbRNGk86Mw&list=PLtmZj29rItKfvHjuY-ykhEiCC2EbBW2J1&index=441&pp=iAQB8AUB0gcJCY0JAYcqIYzv
겨울봄 (Winter Spring),https://www.youtube.com/watch?v=RbysxH3gt-Q&list=PLtmZj29rItKfvHjuY-ykhEiCC2EbBW2J1&index=442&pp=iAQB8AUB
Conspiracy,https://www.youtube.com/watch?v=7cVXDRiNixA&list=PLtmZj29rItKfvHjuY-ykhEiCC2EbBW2J1&index=443&pp=iAQB8AUB
미나미【美波】 「목마름을 외치다」(カワキヲアメク) MV,https://www.youtube.com/watch?v=0YF8vecQWYs&list=PLtmZj29rItKfvHjuY-ykhEiCC2EbBW2J1&index=444&pp=iAQB8AUB
spacewoman - 김미정(yourbeagle),https://www.youtube.com/watch?v=FPkzeASC81Q&list=PLtmZj29rItKfvHjuY-ykhEiCC2EbBW2J1&index=445&pp=iAQB8AUB
"DONE! NO! (feat. AVOKID (에이보키드), 한요한)",https://www.youtube.com/watch?v=olRgBid1NZY&list=PLtmZj29rItKfvHjuY-ykhEiCC2EbBW2J1&index=446&pp=iAQB8AUB0gcJCY0JAYcqIYzv
YENA(최예나) - Good Morning MV,https://www.youtube.com/watch?v=jJjKlNeMr-I&list=PLtmZj29rItKfvHjuY-ykhEiCC2EbBW2J1&index=447&pp=iAQB8AUB
Peace N` Rock N` Roll (PEACE N` ROCK N` ROLL),https://www.youtube.com/watch?v=a0ApUalp94k&list=PLtmZj29rItKfvHjuY-ykhEiCC2EbBW2J1&index=448&pp=iAQB8AUB
[MV] CHERRYFILTER(체리필터) _ a jolly witch(유쾌한 마녀),https://www.youtube.com/watch?v=r3Zs43ZOEgY&list=PLtmZj29rItKfvHjuY-ykhEiCC2EbBW2J1&index=449&pp=iAQB8AUB
I Need You,https://www.youtube.com/watch?v=sJlGEc-kyrU&list=PLtmZj29rItKfvHjuY-ykhEiCC2EbBW2J1&index=450&pp=iAQB8AUB
Bye bye my blue,https://www.youtube.com/watch?v=tiFpz-FxSJg&list=PLtmZj29rItKfvHjuY-ykhEiCC2EbBW2J1&index=451&pp=iAQB8AUB
strawberry moon (strawberry moon),https://www.youtube.com/watch?v=Kevp2lFKSOg&list=PLtmZj29rItKfvHjuY-ykhEiCC2EbBW2J1&index=452&pp=iAQB8AUB
Heart (심(心)),https://www.youtube.com/watch?v=ckJlE2G4LQ4&list=PLtmZj29rItKfvHjuY-ykhEiCC2EbBW2J1&index=453&pp=iAQB8AUB
Rhapsody of Sadness,https://www.youtube.com/watch?v=TyCYGCCD6iQ&list=PLtmZj29rItKfvHjuY-ykhEiCC2EbBW2J1&index=454&pp=iAQB8AUB
120BPM (첫 키스에 내 심장은 120BPM),https://www.youtube.com/watch?v=kp-gVJ7XJV4&list=PLtmZj29rItKfvHjuY-ykhEiCC2EbBW2J1&index=455&pp=iAQB8AUB
고무신을 신은 줄리엣,https://www.youtube.com/watch?v=YIo3UeofFdY&list=PLtmZj29rItKfvHjuY-ykhEiCC2EbBW2J1&index=456&pp=iAQB8AUB
LILAC (라일락),https://www.youtube.com/watch?v=04tYkKUPPv4&list=PLtmZj29rItKfvHjuY-ykhEiCC2EbBW2J1&index=457&pp=iAQB8AUB
나쁘다 (Bad) ft. 진실,https://www.youtube.com/watch?v=DvChC7QQzUQ&list=PLtmZj29rItKfvHjuY-ykhEiCC2EbBW2J1&index=458&pp=iAQB8AUB
My Ultimate First Love (부동의 첫사랑),https://www.youtube.com/watch?v=xwesXZPRadg&list=PLtmZj29rItKfvHjuY-ykhEiCC2EbBW2J1&index=459&pp=iAQB8AUB
Kanata,https://www.youtube.com/watch?v=94u9ttyeT2Q&list=PLtmZj29rItKfvHjuY-ykhEiCC2EbBW2J1&index=460&pp=iAQB8AUB0gcJCY0JAYcqIYzv
"시모카와 미쿠니 - 그것이, 사랑이죠 (풀 메탈 패닉 후못후 op)",https://www.youtube.com/watch?v=GnMP1kcf3o4&list=PLtmZj29rItKfvHjuY-ykhEiCC2EbBW2J1&index=461&pp=iAQB8AUB
最後までⅡ 銀魂ED Full,https://www.youtube.com/watch?v=oL3kO49IReI&list=PLtmZj29rItKfvHjuY-ykhEiCC2EbBW2J1&index=462&pp=iAQB8AUB
아리랑,https://www.youtube.com/watch?v=m4LGuu5b57c&list=PLtmZj29rItKfvHjuY-ykhEiCC2EbBW2J1&index=463&pp=iAQB8AUB
Smile Again,https://www.youtube.com/watch?v=4YBJbT7evw0&list=PLtmZj29rItKfvHjuY-ykhEiCC2EbBW2J1&index=464&pp=iAQB8AUB0gcJCY0JAYcqIYzv
How about you (너는 어땠을까),https://www.youtube.com/watch?v=TmyMV2Nj42Q&list=PLtmZj29rItKfvHjuY-ykhEiCC2EbBW2J1&index=465&pp=iAQB8AUB
moonlight boy (달빛 소년),https://www.youtube.com/watch?v=g4tJZSlIAYs&list=PLtmZj29rItKfvHjuY-ykhEiCC2EbBW2J1&index=466&pp=iAQB8AUB
Kimino Shiranai Monogatari,https://www.youtube.com/watch?v=0VpGoDp3FCE&list=PLtmZj29rItKfvHjuY-ykhEiCC2EbBW2J1&index=467&pp=iAQB8AUB
Fireflies,https://www.youtube.com/watch?v=KWLGyeg74es&list=PLtmZj29rItKfvHjuY-ykhEiCC2EbBW2J1&index=468&pp=iAQB8AUB
팡파레 (Fanfare),https://www.youtube.com/watch?v=qOUBcSh6VYQ&list=PLtmZj29rItKfvHjuY-ykhEiCC2EbBW2J1&index=469&pp=iAQB8AUB0gcJCY0JAYcqIYzv
그냥 안아달란 말야 (Just hug me),https://www.youtube.com/watch?v=TZc6yercQqA&list=PLtmZj29rItKfvHjuY-ykhEiCC2EbBW2J1&index=470&pp=iAQB8AUB
Dear.,https://www.youtube.com/watch?v=Wzwr5AKu0pY&list=PLtmZj29rItKfvHjuY-ykhEiCC2EbBW2J1&index=471&pp=iAQB8AUB
Can't Love You Anymore (With OHHYUK) (사랑이 잘 (With 오혁)),https://www.youtube.com/watch?v=E9HV6jh6qt0&list=PLtmZj29rItKfvHjuY-ykhEiCC2EbBW2J1&index=472&pp=iAQB8AUB
Don't run away (도망가지마),https://www.youtube.com/watch?v=Xu56OVkwdXw&list=PLtmZj29rItKfvHjuY-ykhEiCC2EbBW2J1&index=473&pp=iAQB8AUB
Bubble (Bubble),https://www.youtube.com/watch?v=vU19KfDd7Dc&list=PLtmZj29rItKfvHjuY-ykhEiCC2EbBW2J1&index=474&pp=iAQB8AUB
Magnetic,https://www.youtube.com/watch?v=HBqH4uJS0PU&list=PLtmZj29rItKfvHjuY-ykhEiCC2EbBW2J1&index=475&pp=iAQB8AUB
Fake It,https://www.youtube.com/watch?v=pSMMYnnLDHA&list=PLtmZj29rItKfvHjuY-ykhEiCC2EbBW2J1&index=476&pp=iAQB8AUB
Sleepwalking,https://www.youtube.com/watch?v=1Y6MNSVNxf8&list=PLtmZj29rItKfvHjuY-ykhEiCC2EbBW2J1&index=477&pp=iAQB8AUB
that won't save us,https://www.youtube.com/watch?v=nHyZg8uekWM&list=PLtmZj29rItKfvHjuY-ykhEiCC2EbBW2J1&index=478&pp=iAQB8AUB
Freedom Dive,https://www.youtube.com/watch?v=k-3y2LVF_SE&list=PLtmZj29rItKfvHjuY-ykhEiCC2EbBW2J1&index=479&pp=iAQB8AUB
Pride Kakumei,https://www.youtube.com/watch?v=NLVVF2Op9Zc&list=PLtmZj29rItKfvHjuY-ykhEiCC2EbBW2J1&index=480&pp=iAQB8AUB
illa illa (ILLA ILLA (일라 일라)),https://www.youtube.com/watch?v=ht3ZL4vmUks&list=PLtmZj29rItKfvHjuY-ykhEiCC2EbBW2J1&index=481&pp=iAQB8AUB
Tonight,https://www.youtube.com/watch?v=c6QFLNlIgsw&list=PLtmZj29rItKfvHjuY-ykhEiCC2EbBW2J1&index=482&pp=iAQB8AUB
Darling Of All Hearts (만인의 연인) (feat.Hareem (하림),https://www.youtube.com/watch?v=uz5wqECw9dM&list=PLtmZj29rItKfvHjuY-ykhEiCC2EbBW2J1&index=483&pp=iAQB8AUB
T.B.H (고민중독),https://www.youtube.com/watch?v=pbELDkeLdho&list=PLtmZj29rItKfvHjuY-ykhEiCC2EbBW2J1&index=484&pp=iAQB8AUB0gcJCY0JAYcqIYzv
ASIAN KUNG-FU GENERATION - Haruka Kanata,https://www.youtube.com/watch?v=nJ6A6GC_ki4&list=PLtmZj29rItKfvHjuY-ykhEiCC2EbBW2J1&index=485&pp=iAQB8AUB
Five Minutes to Midnight,https://www.youtube.com/watch?v=dz0HJMWiz1g&list=PLtmZj29rItKfvHjuY-ykhEiCC2EbBW2J1&index=486&pp=iAQB8AUB
"Not Spring, Love, or Cherry Blossoms (봄 사랑 벚꽃 말고)",https://www.youtube.com/watch?v=HeRk_RdzI-w&list=PLtmZj29rItKfvHjuY-ykhEiCC2EbBW2J1&index=487&pp=iAQB8AUB
Hot Summer,https://www.youtube.com/watch?v=xTfbMYBoFik&list=PLtmZj29rItKfvHjuY-ykhEiCC2EbBW2J1&index=488&pp=iAQB8AUB0gcJCY0JAYcqIYzv
SOBER,https://www.youtube.com/watch?v=zT3VfvAjvtk&list=PLtmZj29rItKfvHjuY-ykhEiCC2EbBW2J1&index=489&pp=iAQB8AUB
Night we shine (백야),https://www.youtube.com/watch?v=5z4rpksJc1U&list=PLtmZj29rItKfvHjuY-ykhEiCC2EbBW2J1&index=490&pp=iAQB8AUB
Square (2017),https://www.youtube.com/watch?v=_ZkUb7iIOqQ&list=PLtmZj29rItKfvHjuY-ykhEiCC2EbBW2J1&index=491&pp=iAQB8AUB0gcJCY0JAYcqIYzv
Hot Air Balloon,https://www.youtube.com/watch?v=BRwBa4ahWqM&list=PLtmZj29rItKfvHjuY-ykhEiCC2EbBW2J1&index=492&pp=iAQB8AUB
This Is Me,https://www.youtube.com/watch?v=kbo0XwwLFks&list=PLtmZj29rItKfvHjuY-ykhEiCC2EbBW2J1&index=493&pp=iAQB8AUB
I loved you too much to just laugh it off,https://www.youtube.com/watch?v=gTG9evSpuWg&list=PLtmZj29rItKfvHjuY-ykhEiCC2EbBW2J1&index=494&pp=iAQB8AUB
Live My Life,https://www.youtube.com/watch?v=wUKaEhMQReU&list=PLtmZj29rItKfvHjuY-ykhEiCC2EbBW2J1&index=495&pp=iAQB8AUB
Good Time,https://www.youtube.com/watch?v=zGipbUYrUCQ&list=PLtmZj29rItKfvHjuY-ykhEiCC2EbBW2J1&index=496&pp=iAQB8AUB
言って。,https://www.youtube.com/watch?v=WHdL2vstvL8&list=PLtmZj29rItKfvHjuY-ykhEiCC2EbBW2J1&index=497&pp=iAQB8AUB
Poppy (Korean Ver.) (Poppy (Korean Ver.)),https://www.youtube.com/watch?v=5WAURat5GPM&list=PLtmZj29rItKfvHjuY-ykhEiCC2EbBW2J1&index=498&pp=iAQB8AUB
Stuck in me (그대가 내 안에 박혔다(그내박)),https://www.youtube.com/watch?v=yFu2sJQgOas&list=PLtmZj29rItKfvHjuY-ykhEiCC2EbBW2J1&index=499&pp=iAQB8AUB
Goodbye,https://www.youtube.com/watch?v=N5C5ZdvbHnY&list=PLtmZj29rItKfvHjuY-ykhEiCC2EbBW2J1&index=500&pp=iAQB8AUB
To the End,https://www.youtube.com/watch?v=rWwJLm1R1W4&list=PLtmZj29rItKfvHjuY-ykhEiCC2EbBW2J1&index=501&pp=iAQB8AUB
만추 Late Autumn (Feat. Crush),https://www.youtube.com/watch?v=H1NHCJLxHrs&list=PLtmZj29rItKfvHjuY-ykhEiCC2EbBW2J1&index=502&pp=iAQB8AUB0gcJCY0JAYcqIYzv
Drowning (Drowning),https://www.youtube.com/watch?v=NbKH4iZqq1Y&list=PLtmZj29rItKfvHjuY-ykhEiCC2EbBW2J1&index=503&pp=iAQB8AUB
He Wasn't,https://www.youtube.com/watch?v=A_nvKskgnKs&list=PLtmZj29rItKfvHjuY-ykhEiCC2EbBW2J1&index=504&pp=iAQB8AUB
Real Thing,https://www.youtube.com/watch?v=BKYpS3Na_g8&list=PLtmZj29rItKfvHjuY-ykhEiCC2EbBW2J1&index=505&pp=iAQB8AUB
Sleeping With The Light On,https://www.youtube.com/watch?v=jeHqGk0GJUY&list=PLtmZj29rItKfvHjuY-ykhEiCC2EbBW2J1&index=506&pp=iAQB8AUB
I'll Fight,https://www.youtube.com/watch?v=oB9XLv77A8g&list=PLtmZj29rItKfvHjuY-ykhEiCC2EbBW2J1&index=507&pp=iAQB8AUB
Momma’s House,https://www.youtube.com/watch?v=r8mThSoYL7k&list=PLtmZj29rItKfvHjuY-ykhEiCC2EbBW2J1&index=508&pp=iAQB8AUB
ELLEGARDEN-Alternative Plans 한글자막,https://www.youtube.com/watch?v=I1dXT-trTq0&list=PLtmZj29rItKfvHjuY-ykhEiCC2EbBW2J1&index=509&pp=iAQB8AUB
Falling Slowly,https://www.youtube.com/watch?v=n8GbFBQhCQo&list=PLtmZj29rItKfvHjuY-ykhEiCC2EbBW2J1&index=510&pp=iAQB8AUB
Baby Baby Baby,https://www.youtube.com/watch?v=IHK5V1JcvNw&list=PLtmZj29rItKfvHjuY-ykhEiCC2EbBW2J1&index=511&pp=iAQB8AUB0gcJCY0JAYcqIYzv
Hold My Hand,https://www.youtube.com/watch?v=QD3CQlFGTRU&list=PLtmZj29rItKfvHjuY-ykhEiCC2EbBW2J1&index=512&pp=iAQB8AUB
Catch My Breath,https://www.youtube.com/watch?v=Ic-zcg00YhM&list=PLtmZj29rItKfvHjuY-ykhEiCC2EbBW2J1&index=513&pp=iAQB8AUB
Champagne Night (From Songland),https://www.youtube.com/watch?v=fHuPajWLVgc&list=PLtmZj29rItKfvHjuY-ykhEiCC2EbBW2J1&index=514&pp=iAQB8AUB
All I Want for Christmas Is You,https://www.youtube.com/watch?v=fRyhqobl0sk&list=PLtmZj29rItKfvHjuY-ykhEiCC2EbBW2J1&index=515&pp=iAQB8AUB
Five Colours In Her Hair,https://www.youtube.com/watch?v=kJ7hmThYnL0&list=PLtmZj29rItKfvHjuY-ykhEiCC2EbBW2J1&index=516&pp=iAQB8AUB
Umbrella,https://www.youtube.com/watch?v=upTxNukVL4w&list=PLtmZj29rItKfvHjuY-ykhEiCC2EbBW2J1&index=517&pp=iAQB8AUB
7 Summers,https://www.youtube.com/watch?v=8Dp2J3uYiRg&list=PLtmZj29rItKfvHjuY-ykhEiCC2EbBW2J1&index=518&pp=iAQB8AUB
More Than My Hometown,https://www.youtube.com/watch?v=aA6EddCAn2M&list=PLtmZj29rItKfvHjuY-ykhEiCC2EbBW2J1&index=519&pp=iAQB8AUB
Plug in Baby,https://www.youtube.com/watch?v=Kler5kYbRqM&list=PLtmZj29rItKfvHjuY-ykhEiCC2EbBW2J1&index=520&pp=iAQB8AUB
I'm Alright,https://www.youtube.com/watch?v=ch_-I9tV14c&list=PLtmZj29rItKfvHjuY-ykhEiCC2EbBW2J1&index=521&pp=iAQB8AUB
NO SCARED,https://www.youtube.com/watch?v=7qSP0NE6JJA&list=PLtmZj29rItKfvHjuY-ykhEiCC2EbBW2J1&index=522&pp=iAQB8AUB
Escape Route,https://www.youtube.com/watch?v=XfdL6-fFmBc&list=PLtmZj29rItKfvHjuY-ykhEiCC2EbBW2J1&index=523&pp=iAQB8AUB
Just A Dream,https://www.youtube.com/watch?v=j5JKx9ISxaw&list=PLtmZj29rItKfvHjuY-ykhEiCC2EbBW2J1&index=524&pp=iAQB8AUB
Something Better,https://www.youtube.com/watch?v=da6bfMFDzLk&list=PLtmZj29rItKfvHjuY-ykhEiCC2EbBW2J1&index=525&pp=iAQB8AUB
You Belong With Me,https://www.youtube.com/watch?v=LYyUr75fs_o&list=PLtmZj29rItKfvHjuY-ykhEiCC2EbBW2J1&index=526&pp=iAQB8AUB
Somebody Like That,https://www.youtube.com/watch?v=VL12RZ3MRCg&list=PLtmZj29rItKfvHjuY-ykhEiCC2EbBW2J1&index=527&pp=iAQB8AUB
Let It Land,https://www.youtube.com/watch?v=BCg__BDrcEk&list=PLtmZj29rItKfvHjuY-ykhEiCC2EbBW2J1&index=528&pp=iAQB8AUB
Tonight alive- Welcome,https://www.youtube.com/watch?v=msqYH8a4VSg&list=PLtmZj29rItKfvHjuY-ykhEiCC2EbBW2J1&index=529&pp=iAQB8AUB
To Die For,https://www.youtube.com/watch?v=HMuC0SGM2YA&list=PLtmZj29rItKfvHjuY-ykhEiCC2EbBW2J1&index=530&pp=iAQB8AUB
Hogu (호구) (Prod.by Fisherman of wybh) (feat.BrotherSu) (브라더수),https://www.youtube.com/watch?v=Zlp3hKopoMM&list=PLtmZj29rItKfvHjuY-ykhEiCC2EbBW2J1&index=531&pp=iAQB8AUB0gcJCY0JAYcqIYzv
그댄 행복에 살텐데,https://www.youtube.com/watch?v=XLSjjW8z8Dg&list=PLtmZj29rItKfvHjuY-ykhEiCC2EbBW2J1&index=532&pp=iAQB8AUB
Don't Think You're Alone,https://www.youtube.com/watch?v=W1a_fTUHtXM&list=PLtmZj29rItKfvHjuY-ykhEiCC2EbBW2J1&index=533&pp=iAQB8AUB
좀비 (Walking Dead) (feat. Lyn),https://www.youtube.com/watch?v=jr_8S1dOpMw&list=PLtmZj29rItKfvHjuY-ykhEiCC2EbBW2J1&index=534&pp=iAQB8AUB
별이될께 (별이될께),https://www.youtube.com/watch?v=9hxOPcjg5qQ&list=PLtmZj29rItKfvHjuY-ykhEiCC2EbBW2J1&index=535&pp=iAQB8AUB
Sad day (혼자왔어요),https://www.youtube.com/watch?v=-IlthiBDeUw&list=PLtmZj29rItKfvHjuY-ykhEiCC2EbBW2J1&index=536&pp=iAQB8AUB
If we love again (눈부신 눈물),https://www.youtube.com/watch?v=ZA1vtM9mGOc&list=PLtmZj29rItKfvHjuY-ykhEiCC2EbBW2J1&index=537&pp=iAQB8AUB
안녕 (안녕),https://www.youtube.com/watch?v=J-K-Jo34o_Y&list=PLtmZj29rItKfvHjuY-ykhEiCC2EbBW2J1&index=538&pp=iAQB8AUB
HeeJae Part.2 (희재 PART.2),https://www.youtube.com/watch?v=PFpm8pyxsPc&list=PLtmZj29rItKfvHjuY-ykhEiCC2EbBW2J1&index=539&pp=iAQB8AUB
Shout! Shout! (세상에 소리쳐),https://www.youtube.com/watch?v=8P9cc9UXNuA&list=PLtmZj29rItKfvHjuY-ykhEiCC2EbBW2J1&index=540&pp=iAQB8AUB
Fly,https://www.youtube.com/watch?v=OUNxc6U0b8c&list=PLtmZj29rItKfvHjuY-ykhEiCC2EbBW2J1&index=541&pp=iAQB8AUB
너를 만나,https://www.youtube.com/watch?v=5gEpkPQnKpw&list=PLtmZj29rItKfvHjuY-ykhEiCC2EbBW2J1&index=542&pp=iAQB8AUB
Ferris Wheel (대관람차),https://www.youtube.com/watch?v=cmnJZFlKXUU&list=PLtmZj29rItKfvHjuY-ykhEiCC2EbBW2J1&index=543&pp=iAQB8AUB0gcJCY0JAYcqIYzv
Every Moment With You (너와의 모든 지금),https://www.youtube.com/watch?v=YLxEK0ZKx9A&list=PLtmZj29rItKfvHjuY-ykhEiCC2EbBW2J1&index=544&pp=iAQB8AUB
APT.,https://www.youtube.com/watch?v=tQRt_P_-EHg&list=PLtmZj29rItKfvHjuY-ykhEiCC2EbBW2J1&index=545&pp=iAQB8AUB
Over You,https://www.youtube.com/watch?v=FAa8OxcDg6g&list=PLtmZj29rItKfvHjuY-ykhEiCC2EbBW2J1&index=546&pp=iAQB8AUB
I turned off the TV... (feat. Yoon Mirae & 10cm),https://www.youtube.com/watch?v=XoW0tah_ulw&list=PLtmZj29rItKfvHjuY-ykhEiCC2EbBW2J1&index=547&pp=iAQB8AUB
You (=I),https://www.youtube.com/watch?v=c0QEK8ZH5DU&list=PLtmZj29rItKfvHjuY-ykhEiCC2EbBW2J1&index=548&pp=iAQB8AUB0gcJCY0JAYcqIYzv
Girlfriend,https://www.youtube.com/watch?v=g0TiuFwX0r8&list=PLtmZj29rItKfvHjuY-ykhEiCC2EbBW2J1&index=549&pp=iAQB8AUB
Gravity,https://www.youtube.com/watch?v=iMVDmwHmwFs&list=PLtmZj29rItKfvHjuY-ykhEiCC2EbBW2J1&index=550&pp=iAQB8AUB
Your scent (사람냄새),https://www.youtube.com/watch?v=V9vZPlZ0xhE&list=PLtmZj29rItKfvHjuY-ykhEiCC2EbBW2J1&index=551&pp=iAQB8AUB
HAPPY,https://www.youtube.com/watch?v=l-H4QHLC-Uc&list=PLtmZj29rItKfvHjuY-ykhEiCC2EbBW2J1&index=552&pp=iAQB8AUB0gcJCY0JAYcqIYzv
My Name is Malguem (내 이름 맑음),https://www.youtube.com/watch?v=9yfrVqCcrS0&list=PLtmZj29rItKfvHjuY-ykhEiCC2EbBW2J1&index=553&pp=iAQB8AUB
[4K] 고추잠자리 - 너라는 별 Official M/V,https://www.youtube.com/watch?v=j2LZmDCCpKY&list=PLtmZj29rItKfvHjuY-ykhEiCC2EbBW2J1&index=554&pp=iAQB8AUB
All Time Low: Kill Ur Vibe [OFFICIAL AUDIO],https://www.youtube.com/watch?v=C_DP_buLfVI&list=PLtmZj29rItKfvHjuY-ykhEiCC2EbBW2J1&index=555&pp=iAQB8AUB
Mammoth: Think It Over (Official Lyric Video),https://www.youtube.com/watch?v=p9agMWII1_c&list=PLtmZj29rItKfvHjuY-ykhEiCC2EbBW2J1&index=556&pp=iAQB8AUB
MONOEYES - Ladybird [MUSIC VIDEO],https://www.youtube.com/watch?v=KrutWvgTPx0&list=PLtmZj29rItKfvHjuY-ykhEiCC2EbBW2J1&index=557&pp=iAQB8AUB
ONE OK ROCK: +Matter [OFFICIAL MUSIC VIDEO],https://www.youtube.com/watch?v=0cTdHe9UyMU&list=PLtmZj29rItKfvHjuY-ykhEiCC2EbBW2J1&index=558&pp=iAQB8AUB
ZZ / A to Z-Edition #3-,https://www.youtube.com/watch?v=LfhxKG98-LE&list=PLtmZj29rItKfvHjuY-ykhEiCC2EbBW2J1&index=559&pp=iAQB8AUB
One Piece OP 4 - Bon Voyage! Lyrics,https://www.youtube.com/watch?v=TUISHyAfBXs&list=PLtmZj29rItKfvHjuY-ykhEiCC2EbBW2J1&index=560&pp=iAQB8AUB
Arcade Love (feat. KNVWN) - Newton,https://www.youtube.com/watch?v=9M11lQpl7fk&list=PLtmZj29rItKfvHjuY-ykhEiCC2EbBW2J1&index=561&pp=iAQB8AUB
"HOME SWEET HOME (feat. TAEYANG & DAESUNG) (HOME SWEET HOME (feat. 태양, 대성))",https://www.youtube.com/watch?v=H6qC2tMkL00&list=PLtmZj29rItKfvHjuY-ykhEiCC2EbBW2J1&index=562&pp=iAQB8AUB
Paris (Feat. Jisun of Loveholic),https://www.youtube.com/watch?v=XEsfzAgdzlM&list=PLtmZj29rItKfvHjuY-ykhEiCC2EbBW2J1&index=563&pp=iAQB8AUB
Short Hair (짧은머리),https://www.youtube.com/watch?v=dkrE7F7jg6U&list=PLtmZj29rItKfvHjuY-ykhEiCC2EbBW2J1&index=564&pp=iAQB8AUB
LosT,https://www.youtube.com/watch?v=1cGSUgX6JTU&list=PLtmZj29rItKfvHjuY-ykhEiCC2EbBW2J1&index=565&pp=iAQB8AUB
Sukidakara,https://www.youtube.com/watch?v=SVkGRoLicuA&list=PLtmZj29rItKfvHjuY-ykhEiCC2EbBW2J1&index=566&pp=iAQB8AUB
i Loved Him (feat. NO:EL),https://www.youtube.com/watch?v=xmFjsqkyT9U&list=PLtmZj29rItKfvHjuY-ykhEiCC2EbBW2J1&index=567&pp=iAQB8AUB
Because of you (너 때문에),https://www.youtube.com/watch?v=jaAnsrdAoc4&list=PLtmZj29rItKfvHjuY-ykhEiCC2EbBW2J1&index=568&pp=iAQB8AUB
Some Like It Hot!!,https://www.youtube.com/watch?v=FXppROCqu94&list=PLtmZj29rItKfvHjuY-ykhEiCC2EbBW2J1&index=569&pp=iAQB8AUB
Bite Me,https://www.youtube.com/watch?v=h5I774U_s2I&list=PLtmZj29rItKfvHjuY-ykhEiCC2EbBW2J1&index=570&pp=iAQB8AUB0gcJCY0JAYcqIYzv
두사랑 (Feat. 매드클라운) TWO LOVERS (Feat. Mad Clown),https://www.youtube.com/watch?v=scRtFMzQQDs&list=PLtmZj29rItKfvHjuY-ykhEiCC2EbBW2J1&index=571&pp=iAQB8AUB
Nightcore - Angel With A Shotgun,https://www.youtube.com/watch?v=cvaIgq5j2Q8&list=PLtmZj29rItKfvHjuY-ykhEiCC2EbBW2J1&index=572&pp=iAQB8AUB
Darling,https://www.youtube.com/watch?v=eqmy0W30tAA&list=PLtmZj29rItKfvHjuY-ykhEiCC2EbBW2J1&index=573&pp=iAQB8AUB0gcJCY0JAYcqIYzv
송소희(Song Sohee) - Not a Dream [Live Video],https://www.youtube.com/watch?v=EOEOe_2C6ZQ&list=PLtmZj29rItKfvHjuY-ykhEiCC2EbBW2J1&index=574&pp=iAQB8AUB
I Really Want to Stay at Your House,https://www.youtube.com/watch?v=9B0yX0UIN9M&list=PLtmZj29rItKfvHjuY-ykhEiCC2EbBW2J1&index=575&pp=iAQB8AUB
YOASOBI「アイドル」 Official Music Video,https://www.youtube.com/watch?v=ZRtdQ81jPUQ&list=PLtmZj29rItKfvHjuY-ykhEiCC2EbBW2J1&index=576&pp=iAQB8AUB0gcJCY0JAYcqIYzv
Wake Me Up (When This Nightmare’s Over),https://www.youtube.com/watch?v=ciOcPFcF1jQ&list=PLtmZj29rItKfvHjuY-ykhEiCC2EbBW2J1&index=577&pp=iAQB8AUB
Ruin My Life (feat. Deryck Whibley),https://www.youtube.com/watch?v=-ZAoXUugigU&list=PLtmZj29rItKfvHjuY-ykhEiCC2EbBW2J1&index=578&pp=iAQB8AUB
yutori「スピード - Speed」Official Music Video（TVアニメ『ヴィジランテ -僕のヒーローアカデミア ILLEGALS-』エンディングテーマ）,https://www.youtube.com/watch?v=NxRTkmu2l9g&list=PLtmZj29rItKfvHjuY-ykhEiCC2EbBW2J1&index=579&pp=iAQB8AUB
Gamushara,https://www.youtube.com/watch?v=0WbMeslXYvY&list=PLtmZj29rItKfvHjuY-ykhEiCC2EbBW2J1&index=580&pp=iAQB8AUB
[MV] YONGYONG(용용) _ RAIN STAR *:・ﾟ(별비그대 *:・ﾟ),https://www.youtube.com/watch?v=67iTTqOk6Dk&list=PLtmZj29rItKfvHjuY-ykhEiCC2EbBW2J1&index=581&pp=iAQB8AUB
Drown,https://www.youtube.com/watch?v=ymo9oX83kJI&list=PLtmZj29rItKfvHjuY-ykhEiCC2EbBW2J1&index=582&pp=iAQB8AUB
The knight who can't die and the silk cradle,https://www.youtube.com/watch?v=sNYW4GE8jgk&list=PLtmZj29rItKfvHjuY-ykhEiCC2EbBW2J1&index=583&pp=iAQB8AUB
Jealousy Killed the SoundCloud Genius,https://www.youtube.com/watch?v=QytVOi6H_ys&list=PLtmZj29rItKfvHjuY-ykhEiCC2EbBW2J1&index=584&pp=iAQB8AUB
Official髭男dism - Pretender［Official Video］,https://www.youtube.com/watch?v=TQ8WlA2GXbk&list=PLtmZj29rItKfvHjuY-ykhEiCC2EbBW2J1&index=585&pp=iAQB8AUB
Rainbow,https://www.youtube.com/watch?v=QWkzJ-snoVQ&list=PLtmZj29rItKfvHjuY-ykhEiCC2EbBW2J1&index=586&pp=iAQB8AUB0gcJCY0JAYcqIYzv
"Goodbye , My Love (안녕 나의 사랑)",https://www.youtube.com/watch?v=5zAEiu3SaO4&list=PLtmZj29rItKfvHjuY-ykhEiCC2EbBW2J1&index=587&pp=iAQB8AUB
Hump Back - 「恋をしよう」Lyric Video,https://www.youtube.com/watch?v=IS8qgohbiC0&list=PLtmZj29rItKfvHjuY-ykhEiCC2EbBW2J1&index=588&pp=iAQB8AUB
Onward (지금부터),https://www.youtube.com/watch?v=HTpvx5eEw28&list=PLtmZj29rItKfvHjuY-ykhEiCC2EbBW2J1&index=589&pp=iAQB8AUB
Brave Heart,https://www.youtube.com/watch?v=6xyErtv_DMU&list=PLtmZj29rItKfvHjuY-ykhEiCC2EbBW2J1&index=590&pp=iAQB8AUB
YOASOBI「怪物」Official Music Video　(YOASOBI - Monster),https://www.youtube.com/watch?v=dy90tA3TT1c&list=PLtmZj29rItKfvHjuY-ykhEiCC2EbBW2J1&index=591&pp=iAQB8AUB
